"code","fundcode","期間","騰落率","リスク（標準偏差）","シャープレシオ"
"JP90C00009X9","79312059","6ヶ月",-0.86,5.37,-0.3
"JP90C00009X9","79312059","1年",0.66,3.91,0.19
"JP90C00009X9","79312059","3年",12.34,4.64,0.87
"JP90C00009X9","79312059","5年",16.12,4.49,0.7
"JP90C00009X9","79312059","10年",69.52,4.79,1.13
"JP90C00009Y7","79313059","6ヶ月",-0.34,8.11,-0.05
"JP90C00009Y7","79313059","1年",1.92,6.02,0.35
"JP90C00009Y7","79313059","3年",21.86,7.47,0.92
"JP90C00009Y7","79313059","5年",26.25,7.36,0.68
"JP90C00009Y7","79313059","10年",115.98,7.84,1.02
"JP90C00009Z4","79314059","6ヶ月",0.26,10.89,0.09
"JP90C00009Z4","79314059","1年",3.22,8.2,0.43
"JP90C00009Z4","79314059","3年",31.53,10.49,0.93
"JP90C00009Z4","79314059","5年",36.37,10.37,0.66
"JP90C00009Z4","79314059","10年",172.41,10.97,0.97
"JP90C0000HT6","49314019","6ヶ月",0.9,11.83,0.2
"JP90C0000HT6","49314019","1年",1.89,10.89,0.22
"JP90C0000HT6","49314019","3年",34.57,14.92,0.74
"JP90C0000HT6","49314019","5年",34,14.68,0.48
"JP90C0000HT6","49314019","10年",213.75,15.7,0.81
"JP90C0001QL2","29311014","6ヶ月",0.35,12.04,0.11
"JP90C0001QL2","29311014","1年",1.29,10.98,0.17
"JP90C0001QL2","29311014","3年",33.68,14.98,0.72
"JP90C0001QL2","29311014","5年",33.45,14.72,0.47
"JP90C0001QL2","29311014","10年",215.16,15.73,0.81
"JP90C0001QU3","2931101C","6ヶ月",2.06,12.4,0.38
"JP90C0001QU3","2931101C","1年",3.08,11.21,0.32
"JP90C0001QU3","2931101C","3年",32.76,15.14,0.7
"JP90C0001QU3","2931101C","5年",25.34,14.85,0.38
"JP90C0001QU3","2931101C","10年",185.49,15.98,0.74
"JP90C0001QY5","29311031","6ヶ月",-0.65,5.9,-0.19
"JP90C0001QY5","29311031","1年",0.96,4.3,0.25
"JP90C0001QY5","29311031","3年",14.49,4.71,0.99
"JP90C0001QY5","29311031","5年",18.12,4.67,0.75
"JP90C0001QY5","29311031","10年",76.63,5.39,1.11
"JP90C0001QZ2","29312031","6ヶ月",-0.09,8.88,0.02
"JP90C0001QZ2","29312031","1年",2.67,6.48,0.44
"JP90C0001QZ2","29312031","3年",24.74,7.7,1
"JP90C0001QZ2","29312031","5年",29.59,7.6,0.73
"JP90C0001QZ2","29312031","10年",124.04,8.23,1.05
"JP90C0001R05","29313031","6ヶ月",0.42,11.84,0.12
"JP90C0001R05","29313031","1年",4.33,8.67,0.53
"JP90C0001R05","29313031","3年",35.08,10.78,0.99
"JP90C0001R05","29313031","5年",41.11,10.59,0.71
"JP90C0001R05","29313031","10年",180.19,11.14,1.01
"JP90C0001R39","29311041","6ヶ月",-1.01,15.74,-0.06
"JP90C0001R39","29311041","1年",-4,14.27,-0.22
"JP90C0001R39","29311041","3年",38.94,17.15,0.73
"JP90C0001R39","29311041","5年",50.85,16.55,0.58
"JP90C0001R39","29311041","10年",273.29,16.67,0.88
"JP90C0001UU5","45314007","6ヶ月",3.87,8.77,0.91
"JP90C0001UU5","45314007","1年",5.32,7.31,0.75
"JP90C0001UU5","45314007","3年",35.42,13.9,0.8
"JP90C0001UU5","45314007","5年",36,13.98,0.51
"JP90C0001UU5","45314007","10年",192.13,14.54,0.81
"JP90C0001UV3","45315007","6ヶ月",3.36,6.77,1.01
"JP90C0001UV3","45315007","1年",3.75,5.94,0.65
"JP90C0001UV3","45315007","3年",27.8,10.86,0.81
"JP90C0001UV3","45315007","5年",28.08,11.03,0.51
"JP90C0001UV3","45315007","10年",149.55,11.9,0.83
"JP90C0001UW1","45316007","6ヶ月",1.71,4.82,0.73
"JP90C0001UW1","45316007","1年",1.78,4.16,0.45
"JP90C0001UW1","45316007","3年",18.13,7.68,0.77
"JP90C0001UW1","45316007","5年",19.22,7.74,0.5
"JP90C0001UW1","45316007","10年",97.82,8.33,0.86
"JP90C00021F1","0231Q01A","6ヶ月",-3.07,15.41,-0.34
"JP90C00021F1","0231Q01A","1年",1.4,13.02,0.17
"JP90C00021F1","0231Q01A","3年",44.93,16.98,0.82
"JP90C00021F1","0231Q01A","5年",56.03,16.4,0.63
"JP90C00021F1","0231Q01A","10年",339.95,16.39,0.99
"JP90C0002AA7","6831100B","6ヶ月",-1.14,15.7,-0.08
"JP90C0002AA7","6831100B","1年",-4.32,14.22,-0.24
"JP90C0002AA7","6831100B","3年",37.56,17.09,0.71
"JP90C0002AA7","6831100B","5年",48.27,16.49,0.56
"JP90C0002AA7","6831100B","10年",260.48,16.64,0.86
"JP90C0002MF1","7931306A","6ヶ月",8.81,11.21,1.56
"JP90C0002MF1","7931306A","1年",14.05,11.16,1.24
"JP90C0002MF1","7931306A","3年",58.83,14.59,1.14
"JP90C0002MF1","7931306A","5年",60.16,14.7,0.72
"JP90C0002MF1","7931306A","10年",267.53,15.73,0.91
"JP90C00035D6","32313984","6ヶ月",-3.42,22.33,-0.22
"JP90C00035D6","32313984","1年",-2.89,18.14,-0.08
"JP90C00035D6","32313984","3年",38.74,18.76,0.68
"JP90C00035D6","32313984","5年",59.72,17.62,0.63
"JP90C00035D6","32313984","10年",322.91,17.48,0.92
"JP90C00035E4","32314984","6ヶ月",-0.99,23.2,0.01
"JP90C00035E4","32314984","1年",13.25,17.94,0.78
"JP90C00035E4","32314984","3年",76.37,18.03,1.15
"JP90C00035E4","32314984","5年",97.23,17.23,0.88
"JP90C00035E4","32314984","10年",403.17,16.87,1.05
"JP90C0003RR3","04313056","6ヶ月",-0.89,5.64,-0.29
"JP90C0003RR3","04313056","1年",0.68,4.1,0.19
"JP90C0003RR3","04313056","3年",13.92,4.62,0.97
"JP90C0003RR3","04313056","5年",17.71,4.54,0.75
"JP90C0003RR3","04313056","10年",75.89,5.01,1.15
"JP90C0003RS1","04314056","6ヶ月",-0.35,8.59,-0.04
"JP90C0003RS1","04314056","1年",2.38,6.26,0.41
"JP90C0003RS1","04314056","3年",23.89,7.53,0.99
"JP90C0003RS1","04314056","5年",28.97,7.4,0.73
"JP90C0003RS1","04314056","10年",122.81,7.78,1.07
"JP90C0003RT9","04315056","6ヶ月",0.25,11.31,0.09
"JP90C0003RT9","04315056","1年",3.69,8.36,0.48
"JP90C0003RT9","04315056","3年",33.67,10.45,0.98
"JP90C0003RT9","04315056","5年",39.15,10.34,0.7
"JP90C0003RT9","04315056","10年",180.21,10.84,1.01
"JP90C0004GZ7","96311073","6ヶ月",0.82,12.76,0.44
"JP90C0004GZ7","96311073","1年",5.64,9.55,0.65
"JP90C0004GZ7","96311073","3年",34.92,9.73,1.13
"JP90C0004GZ7","96311073","5年",42.34,9.48,0.78
"JP90C0004GZ7","96311073","10年",160.35,10.21,1.01
"JP90C0004H04","96312073","6ヶ月",-5.47,23.88,-0.31
"JP90C0004H04","96312073","1年",-0.27,17.29,0.13
"JP90C0004H04","96312073","3年",47.2,18,0.88
"JP90C0004H04","96312073","5年",61.34,17.11,0.68
"JP90C0004H04","96312073","10年",339.2,16.31,1.06
"JP90C00055W4","64313081","6ヶ月",0.38,12.02,0.12
"JP90C00055W4","64313081","1年",1.42,10.95,0.18
"JP90C00055W4","64313081","3年",34.15,14.97,0.73
"JP90C00055W4","64313081","5年",34.23,14.71,0.48
"JP90C00055W4","64313081","10年",218.18,15.73,0.82
"JP90C00055X2","64314081","6ヶ月",1.29,21.7,0.21
"JP90C00055X2","64314081","1年",12.33,16.69,0.78
"JP90C00055X2","64314081","3年",68.08,18.44,1.04
"JP90C00055X2","64314081","5年",86.8,17.21,0.82
"JP90C00055X2","64314081","10年",369.68,16.53,1.02
"JP90C0005FR3","79318083","6ヶ月",-0.13,8.89,0.01
"JP90C0005FR3","79318083","1年",2.55,6.49,0.42
"JP90C0005FR3","79318083","3年",25.1,7.8,1
"JP90C0005FR3","79318083","5年",30.13,7.8,0.72
"JP90C0005FR3","79318083","10年",137.16,8.73,1.04
"JP90C0005FS1","79319083","6ヶ月",0,9.63,0.04
"JP90C0005FS1","79319083","1年",2.96,7.04,0.45
"JP90C0005FS1","79319083","3年",27.06,8.31,1.01
"JP90C0005FS1","79319083","5年",32.23,8.29,0.72
"JP90C0005FS1","79319083","10年",147.24,9.2,1.03
"JP90C0005Z76","6431208C","6ヶ月",-0.95,10.32,-0.14
"JP90C0005Z76","6431208C","1年",-6.9,11.5,-0.57
"JP90C0005Z76","6431208C","3年",31.94,19.42,0.58
"JP90C0005Z76","6431208C","5年",32.28,18.33,0.4
"JP90C0005Z76","6431208C","10年",127,17.65,0.56
"JP90C0006026","64315091","6ヶ月",0.52,10.9,0.14
"JP90C0006026","64315091","1年",2.46,8.57,0.33
"JP90C0006026","64315091","3年",30.93,10.44,0.92
"JP90C0006026","64315091","5年",36.41,9.89,0.68
"JP90C0006026","64315091","10年",140.08,10.56,0.88
"JP90C0006083","9N311091","6ヶ月",-2.46,17.04,-0.22
"JP90C0006083","9N311091","1年",0.43,14.32,0.1
"JP90C0006083","9N311091","3年",47.78,15.66,0.91
"JP90C0006083","9N311091","5年",48.06,15.67,0.58
"JP90C0006083","9N311091","10年",244.32,15.36,0.89
"JP90C0006K23","7931A09A","6ヶ月",1.27,21.77,0.21
"JP90C0006K23","7931A09A","1年",12.4,16.75,0.78
"JP90C0006K23","7931A09A","3年",68.82,18.49,1.04
"JP90C0006K23","7931A09A","5年",87.71,17.26,0.82
"JP90C0006K23","7931A09A","10年",372.85,16.57,1.03
"JP90C0006LC1","0331109A","6ヶ月",-1.06,15.72,-0.07
"JP90C0006LC1","0331109A","1年",-4.14,14.25,-0.23
"JP90C0006LC1","0331109A","3年",38.27,17.13,0.72
"JP90C0006LC1","0331109A","5年",49.61,16.54,0.57
"JP90C0006LC1","0331109A","10年",267.76,16.68,0.87
"JP90C0006LD9","0331209A","6ヶ月",0.36,12.01,0.11
"JP90C0006LD9","0331209A","1年",1.39,10.95,0.18
"JP90C0006LD9","0331209A","3年",34.06,14.97,0.73
"JP90C0006LD9","0331209A","5年",33.97,14.71,0.47
"JP90C0006LD9","0331209A","10年",217.14,15.73,0.82
"JP90C0006LG2","0331509A","6ヶ月",1.24,21.7,0.2
"JP90C0006LG2","0331509A","1年",12.24,16.69,0.77
"JP90C0006LG2","0331509A","3年",67.62,18.43,1.03
"JP90C0006LG2","0331509A","5年",85.83,17.2,0.81
"JP90C0006LG2","0331509A","10年",362.75,16.53,1.02
"JP90C0006LK4","0331809A","6ヶ月",-1.15,10.43,-0.18
"JP90C0006LK4","0331809A","1年",-7.3,11.55,-0.6
"JP90C0006LK4","0331809A","3年",31.09,19.51,0.57
"JP90C0006LK4","0331809A","5年",31.2,18.38,0.39
"JP90C0006LK4","0331809A","10年",123.66,17.73,0.55
"JP90C0006Y84","01314103","6ヶ月",0.82,16.59,0.17
"JP90C0006Y84","01314103","1年",7.95,12.5,0.67
"JP90C0006Y84","01314103","3年",41.97,13.52,0.94
"JP90C0006Y84","01314103","5年",50.38,12.51,0.72
"JP90C0006Y84","01314103","10年",207.77,12.37,0.97
"JP90C0006ZN8","49313104","6ヶ月",1.72,21.61,0.25
"JP90C0006ZN8","49313104","1年",13,16.61,0.82
"JP90C0006ZN8","49313104","3年",70.4,18.39,1.07
"JP90C0006ZN8","49313104","5年",90.8,17.19,0.84
"JP90C0006ZN8","49313104","10年",377.17,16.53,1.03
"JP90C00074C7","03312107","6ヶ月",0.92,20.18,0.17
"JP90C00074C7","03312107","1年",9.5,15.61,0.66
"JP90C00074C7","03312107","3年",62.43,18.08,0.99
"JP90C00074C7","03312107","5年",77.81,16.93,0.77
"JP90C00074C7","03312107","10年",323.26,16.27,0.97
"JP90C00074E3","64311107","6ヶ月",-1.05,15.73,-0.07
"JP90C00074E3","64311107","1年",-4.16,14.25,-0.23
"JP90C00074E3","64311107","3年",38.23,17.13,0.72
"JP90C00074E3","64311107","5年",49.59,16.53,0.57
"JP90C00074E3","64311107","10年",269.21,16.68,0.87
"JP90C0007DM5","0131610B","6ヶ月",0.39,12.04,0.12
"JP90C0007DM5","0131610B","1年",1.4,10.98,0.18
"JP90C0007DM5","0131610B","3年",34.04,14.98,0.73
"JP90C0007DM5","0131610B","5年",34,14.71,0.47
"JP90C0007DM5","0131610B","10年",216.87,15.72,0.81
"JP90C0007DN3","0131510B","6ヶ月",-1.08,15.77,-0.07
"JP90C0007DN3","0131510B","1年",-4.25,14.27,-0.24
"JP90C0007DN3","0131510B","3年",38.09,17.13,0.71
"JP90C0007DN3","0131510B","5年",49.35,16.54,0.57
"JP90C0007DN3","0131510B","10年",266.81,16.68,0.87
"JP90C0007DP8","0131410B","6ヶ月",1.22,21.71,0.2
"JP90C0007DP8","0131410B","1年",12.28,16.7,0.77
"JP90C0007DP8","0131410B","3年",68.05,18.44,1.04
"JP90C0007DP8","0131410B","5年",86.44,17.21,0.82
"JP90C0007DP8","0131410B","10年",365.84,16.53,1.02
"JP90C0007DQ6","0131310B","6ヶ月",-0.8,11.17,-0.1
"JP90C0007DQ6","0131310B","1年",-6.89,11.9,-0.54
"JP90C0007DQ6","0131310B","3年",32.01,19.47,0.58
"JP90C0007DQ6","0131310B","5年",32.17,18.34,0.4
"JP90C0007DQ6","0131310B","10年",126.65,17.67,0.55
"JP90C0007LN6","79311114","6ヶ月",1.14,20.16,0.2
"JP90C0007LN6","79311114","1年",9.86,15.62,0.68
"JP90C0007LN6","79311114","3年",63.8,18,1.01
"JP90C0007LN6","79311114","5年",79.62,16.8,0.79
"JP90C0007LN6","79311114","10年",325.64,16.15,0.98
"JP90C0007LP1","79312114","6ヶ月",-0.56,10.12,-0.07
"JP90C0007LP1","79312114","1年",-7.23,11.81,-0.58
"JP90C0007LP1","79312114","3年",31.27,19.31,0.57
"JP90C0007LP1","79312114","5年",28.67,18.28,0.37
"JP90C0007LP1","79312114","10年",109.18,17.75,0.51
"JP90C0008022","0331111A","6ヶ月",1.15,11.15,0.25
"JP90C0008022","0331111A","1年",2.73,8.59,0.36
"JP90C0008022","0331111A","3年",26.34,11.37,0.75
"JP90C0008022","0331111A","5年",33.41,10.09,0.63
"JP90C0008022","0331111A","10年",144.7,10.1,0.94
"JP90C00081U4","7931211C","6ヶ月",0.49,12.04,0.13
"JP90C00081U4","7931211C","1年",1.63,10.98,0.2
"JP90C00081U4","7931211C","3年",35.06,14.99,0.75
"JP90C00081U4","7931211C","5年",35.75,14.74,0.49
"JP90C00081U4","7931211C","10年",223.2,15.74,0.83
"JP90C0008CH5","9C311125","6ヶ月",-10.64,19.39,-1.06
"JP90C0008CH5","9C311125","1年",-9.66,15.64,-0.57
"JP90C0008CH5","9C311125","3年",24.66,15.62,0.55
"JP90C0008CH5","9C311125","5年",32.77,16.01,0.44
"JP90C0008CH5","9C311125","10年",346.95,15.48,1.05
"JP90C00091E7","89313135","6ヶ月",-0.42,20.71,0.05
"JP90C00091E7","89313135","1年",2.9,15.7,0.26
"JP90C00091E7","89313135","3年",52.54,22,0.76
"JP90C00091E7","89313135","5年",60.03,20.22,0.57
"JP90C00091E7","89313135","10年",NA,NA,NA
"JP90C00095F5","01314135","6ヶ月",-9.74,18,-1.05
"JP90C00095F5","01314135","1年",-1.76,15.04,-0.05
"JP90C00095F5","01314135","3年",40.18,17.46,0.74
"JP90C00095F5","01314135","5年",54.24,15.65,0.64
"JP90C00095F5","01314135","10年",NA,NA,NA
"JP90C0009ER8","03311138","6ヶ月",7.12,17.9,0.85
"JP90C0009ER8","03311138","1年",13.39,13.44,1
"JP90C0009ER8","03311138","3年",60.02,18.18,0.96
"JP90C0009ER8","03311138","5年",93.75,17.05,0.87
"JP90C0009ER8","03311138","10年",NA,NA,NA
"JP90C0009L03","01316139","6ヶ月",2.05,14.82,0.34
"JP90C0009L03","01316139","1年",6.51,11.69,0.6
"JP90C0009L03","01316139","3年",32.29,14.55,0.72
"JP90C0009L03","01316139","5年",39.92,12.76,0.6
"JP90C0009L03","01316139","10年",NA,NA,NA
"JP90C0009L37","01313139","6ヶ月",-5.96,10.43,-1.13
"JP90C0009L37","01313139","1年",-3.16,8.39,-0.34
"JP90C0009L37","01313139","3年",14.47,11.21,0.46
"JP90C0009L37","01313139","5年",21.9,9.49,0.47
"JP90C0009L37","01313139","10年",NA,NA,NA
"JP90C0009VE0","2931113C","6ヶ月",1.41,21.65,0.22
"JP90C0009VE0","2931113C","1年",12.7,16.67,0.8
"JP90C0009VE0","2931113C","3年",70.26,18.44,1.06
"JP90C0009VE0","2931113C","5年",90.44,17.21,0.84
"JP90C0009VE0","2931113C","10年",NA,NA,NA
"JP90C000A0B8","64313141","6ヶ月",0.29,12.57,0.1
"JP90C000A0B8","64313141","1年",1.15,11.41,0.15
"JP90C000A0B8","64313141","3年",35.8,15.32,0.74
"JP90C000A0B8","64313141","5年",35.73,14.9,0.49
"JP90C000A0B8","64313141","10年",NA,NA,NA
"JP90C000A808","01311143","6ヶ月",0.33,12.61,0.11
"JP90C000A808","01311143","1年",1.14,11.44,0.15
"JP90C000A808","01311143","3年",35.79,15.32,0.74
"JP90C000A808","01311143","5年",35.59,14.91,0.49
"JP90C000A808","01311143","10年",NA,NA,NA
"JP90C000A9Q7","03311144","6ヶ月",0.26,12.59,0.1
"JP90C000A9Q7","03311144","1年",1.02,11.41,0.14
"JP90C000A9Q7","03311144","3年",35.66,15.32,0.74
"JP90C000A9Q7","03311144","5年",35.35,14.91,0.48
"JP90C000A9Q7","03311144","10年",NA,NA,NA
"JP90C000ADD2","48311145","6ヶ月",-7.7,10.21,-1.51
"JP90C000ADD2","48311145","1年",-4.69,8.02,-0.56
"JP90C000ADD2","48311145","3年",15.46,9.28,0.57
"JP90C000ADD2","48311145","5年",18.67,8.73,0.44
"JP90C000ADD2","48311145","10年",NA,NA,NA
"JP90C000AYS6","3231114A","6ヶ月",0.5,20.55,0.13
"JP90C000AYS6","3231114A","1年",6.75,14.57,0.52
"JP90C000AYS6","3231114A","3年",51.01,17.17,0.89
"JP90C000AYS6","3231114A","5年",63.2,16.33,0.69
"JP90C000AYS6","3231114A","10年",NA,NA,NA
"JP90C000B9U8","29313151","6ヶ月",0.41,12.6,0.12
"JP90C000B9U8","29313151","1年",1.3,11.43,0.17
"JP90C000B9U8","29313151","3年",35.89,15.27,0.75
"JP90C000B9U8","29313151","5年",35.2,14.88,0.48
"JP90C000B9U8","29313151","10年",NA,NA,NA
"JP90C000BRT6","29312154","6ヶ月",0.54,12.05,0.14
"JP90C000BRT6","29312154","1年",1.65,10.99,0.2
"JP90C000BRT6","29312154","3年",35.06,14.99,0.75
"JP90C000BRT6","29312154","5年",35.63,14.72,0.49
"JP90C000BRT6","29312154","10年",NA,NA,NA
"JP90C000C7B1","29313158","6ヶ月",0.06,9.9,0.06
"JP90C000C7B1","29313158","1年",3.39,7.22,0.5
"JP90C000C7B1","29313158","3年",28.49,7.95,1.1
"JP90C000C7B1","29313158","5年",34.34,7.86,0.8
"JP90C000C7B1","29313158","10年",NA,NA,NA
"JP90C000C838","51313159","6ヶ月",-4.88,13.75,-0.67
"JP90C000C838","51313159","1年",-2.89,10.19,-0.24
"JP90C000C838","51313159","3年",18.22,13.79,0.48
"JP90C000C838","51313159","5年",21.68,11.94,0.39
"JP90C000C838","51313159","10年",NA,NA,NA
"JP90C000C8G8","03316158","6ヶ月",0.01,9.89,0.05
"JP90C000C8G8","03316158","1年",3.16,7.21,0.47
"JP90C000C8G8","03316158","3年",26.43,8.05,1.02
"JP90C000C8G8","03316158","5年",31.66,7.92,0.74
"JP90C000C8G8","03316158","10年",NA,NA,NA
"JP90C000CG01","9731415C","6ヶ月",2.52,14.16,0.41
"JP90C000CG01","9731415C","1年",7.41,10.67,0.72
"JP90C000CG01","9731415C","3年",40.02,11.95,1
"JP90C000CG01","9731415C","5年",47.87,11.23,0.76
"JP90C000CG01","9731415C","10年",NA,NA,NA
"JP90C000CJS3","3231315C","6ヶ月",-1.5,16.34,-0.12
"JP90C000CJS3","3231315C","1年",3.52,11.64,0.35
"JP90C000CJS3","3231315C","3年",37.94,13.84,0.85
"JP90C000CJS3","3231315C","5年",47.34,13.17,0.66
"JP90C000CJS3","3231315C","10年",NA,NA,NA
"JP90C000CMF4","4731815C","6ヶ月",-0.96,15.72,-0.06
"JP90C000CMF4","4731815C","1年",-3.9,14.25,-0.21
"JP90C000CMF4","4731815C","3年",39.25,17.15,0.73
"JP90C000CMF4","4731815C","5年",51.02,16.55,0.58
"JP90C000CMF4","4731815C","10年",NA,NA,NA
"JP90C000CMK4","4731B15C","6ヶ月",1.44,21.7,0.22
"JP90C000CMK4","4731B15C","1年",12.75,16.7,0.8
"JP90C000CMK4","4731B15C","3年",70.21,18.47,1.06
"JP90C000CMK4","4731B15C","5年",90.37,17.24,0.84
"JP90C000CMK4","4731B15C","10年",NA,NA,NA
"JP90C000CZ57","47311163","6ヶ月",-1.5,10.68,-0.24
"JP90C000CZ57","47311163","1年",-7.63,11.74,-0.62
"JP90C000CZ57","47311163","3年",28.04,19.88,0.52
"JP90C000CZ57","47311163","5年",27.82,18.64,0.36
"JP90C000CZ57","47311163","10年",NA,NA,NA
"JP90C000D1X7","03312163","6ヶ月",-0.75,5.84,-0.23
"JP90C000D1X7","03312163","1年",0.83,4.31,0.22
"JP90C000D1X7","03312163","3年",11.28,4.23,0.87
"JP90C000D1X7","03312163","5年",14.88,3.96,0.73
"JP90C000D1X7","03312163","10年",NA,NA,NA
"JP90C000D1Y5","03313163","6ヶ月",-0.02,8.4,0.03
"JP90C000D1Y5","03313163","1年",2.12,6.22,0.37
"JP90C000D1Y5","03313163","3年",19.42,7.37,0.85
"JP90C000D1Y5","03313163","5年",24.3,6.74,0.69
"JP90C000D1Y5","03313163","10年",NA,NA,NA
"JP90C000D1Z2","03314163","6ヶ月",0.63,10.57,0.16
"JP90C000D1Z2","03314163","1年",3.19,7.93,0.44
"JP90C000D1Z2","03314163","3年",26.42,10.32,0.81
"JP90C000D1Z2","03314163","5年",32.58,9.38,0.65
"JP90C000D1Z2","03314163","10年",NA,NA,NA
"JP90C000D208","03315163","6ヶ月",1.37,13.78,0.26
"JP90C000D208","03315163","1年",4.66,10.39,0.49
"JP90C000D208","03315163","3年",36.43,13.93,0.82
"JP90C000D208","03315163","5年",43.96,12.64,0.65
"JP90C000D208","03315163","10年",NA,NA,NA
"JP90C000D216","03316163","6ヶ月",0.61,14.31,0.15
"JP90C000D216","03316163","1年",2.88,11.13,0.31
"JP90C000D216","03316163","3年",43.39,15.41,0.86
"JP90C000D216","03316163","5年",48.67,14.73,0.62
"JP90C000D216","03316163","10年",NA,NA,NA
"JP90C000D3K0","93311164","6ヶ月",-9.94,25.12,-0.72
"JP90C000D3K0","93311164","1年",-0.03,19.8,0.09
"JP90C000D3K0","93311164","3年",65.05,19.43,0.96
"JP90C000D3K0","93311164","5年",84.8,17.98,0.78
"JP90C000D3K0","93311164","10年",NA,NA,NA
"JP90C000DPW0","4931116A","6ヶ月",-0.93,15.68,-0.05
"JP90C000DPW0","4931116A","1年",-3.98,14.24,-0.22
"JP90C000DPW0","4931116A","3年",38.55,17.17,0.72
"JP90C000DPW0","4931116A","5年",49.78,16.56,0.57
"JP90C000DPW0","4931116A","10年",NA,NA,NA
"JP90C000DVK3","0431M169","6ヶ月",-0.9,15.74,-0.05
"JP90C000DVK3","0431M169","1年",-3.86,14.27,-0.21
"JP90C000DVK3","0431M169","3年",39.73,17.15,0.74
"JP90C000DVK3","0431M169","5年",51.97,16.54,0.59
"JP90C000DVK3","0431M169","10年",NA,NA,NA
"JP90C000DVL1","0431N169","6ヶ月",0.56,11.99,0.14
"JP90C000DVL1","0431N169","1年",1.73,10.96,0.21
"JP90C000DVL1","0431N169","3年",35.32,14.98,0.75
"JP90C000DVL1","0431N169","5年",35.79,14.72,0.49
"JP90C000DVL1","0431N169","10年",NA,NA,NA
"JP90C000DVM9","0431O169","6ヶ月",0.39,12.59,0.12
"JP90C000DVM9","0431O169","1年",1.42,11.45,0.18
"JP90C000DVM9","0431O169","3年",36.83,15.33,0.76
"JP90C000DVM9","0431O169","5年",37.26,14.93,0.5
"JP90C000DVM9","0431O169","10年",NA,NA,NA
"JP90C000DVN7","0431P169","6ヶ月",1.47,21.73,0.22
"JP90C000DVN7","0431P169","1年",12.74,16.71,0.8
"JP90C000DVN7","0431P169","3年",69.91,18.46,1.06
"JP90C000DVN7","0431P169","5年",90.03,17.24,0.84
"JP90C000DVN7","0431P169","10年",NA,NA,NA
"JP90C000DVP2","0431Q169","6ヶ月",7.33,17.92,0.87
"JP90C000DVP2","0431Q169","1年",13.87,13.45,1.03
"JP90C000DVP2","0431Q169","3年",62.12,18.19,0.98
"JP90C000DVP2","0431Q169","5年",98.04,17.07,0.89
"JP90C000DVP2","0431Q169","10年",NA,NA,NA
"JP90C000DVR8","0431R169","6ヶ月",5.35,10.71,1.02
"JP90C000DVR8","0431R169","1年",2.29,10.59,0.27
"JP90C000DVR8","0431R169","3年",26.77,21.3,0.48
"JP90C000DVR8","0431R169","5年",33.31,19.28,0.4
"JP90C000DVR8","0431R169","10年",NA,NA,NA
"JP90C000DVX6","0431X169","6ヶ月",1.88,10.94,0.39
"JP90C000DVX6","0431X169","1年",4.03,8.36,0.51
"JP90C000DVX6","0431X169","3年",25.9,11.63,0.72
"JP90C000DVX6","0431X169","5年",34.2,10.17,0.64
"JP90C000DVX6","0431X169","10年",NA,NA,NA
"JP90C000DXE2","4731116A","6ヶ月",-9.6,17.86,-1.04
"JP90C000DXE2","4731116A","1年",-1.41,14.98,-0.02
"JP90C000DXE2","4731116A","3年",41.59,17.49,0.75
"JP90C000DXE2","4731116A","5年",57.46,15.69,0.66
"JP90C000DXE2","4731116A","10年",NA,NA,NA
"JP90C000E6Z0","2931316B","6ヶ月",-0.95,15.75,-0.05
"JP90C000E6Z0","2931316B","1年",-3.88,14.28,-0.21
"JP90C000E6Z0","2931316B","3年",39.45,17.15,0.73
"JP90C000E6Z0","2931316B","5年",51.66,16.55,0.59
"JP90C000E6Z0","2931316B","10年",NA,NA,NA
"JP90C000ENA9","03317172","6ヶ月",0.51,12.02,0.14
"JP90C000ENA9","03317172","1年",1.69,10.95,0.21
"JP90C000ENA9","03317172","3年",35.21,14.98,0.75
"JP90C000ENA9","03317172","5年",35.83,14.72,0.49
"JP90C000ENA9","03317172","10年",NA,NA,NA
"JP90C000ENC5","03319172","6ヶ月",1.53,21.71,0.23
"JP90C000ENC5","03319172","1年",12.87,16.7,0.81
"JP90C000ENC5","03319172","3年",70.51,18.44,1.06
"JP90C000ENC5","03319172","5年",90.98,17.21,0.84
"JP90C000ENC5","03319172","10年",NA,NA,NA
"JP90C000ERE2","47317173","6ヶ月",0.51,12.02,0.14
"JP90C000ERE2","47317173","1年",1.67,10.96,0.2
"JP90C000ERE2","47317173","3年",35.03,14.98,0.75
"JP90C000ERE2","47317173","5年",35.57,14.72,0.49
"JP90C000ERE2","47317173","10年",NA,NA,NA
"JP90C000EWV6","03312175","6ヶ月",1.36,11.15,0.29
"JP90C000EWV6","03312175","1年",3.13,8.59,0.4
"JP90C000EWV6","03312175","3年",27.65,11.38,0.78
"JP90C000EWV6","03312175","5年",35.6,10.1,0.66
"JP90C000EWV6","03312175","10年",NA,NA,NA
"JP90C000F3F8","29311177","6ヶ月",-1.19,3.46,-0.67
"JP90C000F3F8","29311177","1年",-0.28,2.6,-0.09
"JP90C000F3F8","29311177","3年",5.92,2.42,0.82
"JP90C000F3F8","29311177","5年",NA,NA,NA
"JP90C000F3F8","29311177","10年",NA,NA,NA
"JP90C000F7A0","47313177","6ヶ月",-0.42,11.28,-0.03
"JP90C000F7A0","47313177","1年",2.16,8.69,0.29
"JP90C000F7A0","47313177","3年",26.61,10.75,0.79
"JP90C000F7A0","47313177","5年",NA,NA,NA
"JP90C000F7A0","47313177","10年",NA,NA,NA
"JP90C000F7H5","0331C177","6ヶ月",-0.93,10.45,-0.13
"JP90C000F7H5","0331C177","1年",-6.88,11.56,-0.56
"JP90C000F7H5","0331C177","3年",32.78,19.52,0.59
"JP90C000F7H5","0331C177","5年",NA,NA,NA
"JP90C000F7H5","0331C177","10年",NA,NA,NA
"JP90C000F8D2","64311178","6ヶ月",0.61,10.52,0.16
"JP90C000F8D2","64311178","1年",1.61,8.48,0.23
"JP90C000F8D2","64311178","3年",31.11,10.91,0.89
"JP90C000F8D2","64311178","5年",NA,NA,NA
"JP90C000F8D2","64311178","10年",NA,NA,NA
"JP90C000F8E0","03312178","6ヶ月",0.48,12.01,0.13
"JP90C000F8E0","03312178","1年",1.64,10.95,0.2
"JP90C000F8E0","03312178","3年",35.02,14.97,0.75
"JP90C000F8E0","03312178","5年",NA,NA,NA
"JP90C000F8E0","03312178","10年",NA,NA,NA
"JP90C000F8F7","03313178","6ヶ月",1.46,21.71,0.22
"JP90C000F8F7","03313178","1年",12.73,16.7,0.8
"JP90C000F8F7","03313178","3年",69.91,18.44,1.06
"JP90C000F8F7","03313178","5年",NA,NA,NA
"JP90C000F8F7","03313178","10年",NA,NA,NA
"JP90C000F8G5","03314178","6ヶ月",-1.02,10.44,-0.15
"JP90C000F8G5","03314178","1年",-7.06,11.55,-0.58
"JP90C000F8G5","03314178","3年",32.09,19.51,0.58
"JP90C000F8G5","03314178","5年",NA,NA,NA
"JP90C000F8G5","03314178","10年",NA,NA,NA
"JP90C000F8H3","03315178","6ヶ月",1.32,11.11,0.28
"JP90C000F8H3","03315178","1年",3.05,8.57,0.39
"JP90C000F8H3","03315178","3年",27.19,11.43,0.76
"JP90C000F8H3","03315178","5年",NA,NA,NA
"JP90C000F8H3","03315178","10年",NA,NA,NA
"JP90C000F8K7","64312178","6ヶ月",0.45,13.34,0.12
"JP90C000F8K7","64312178","1年",2.7,10.7,0.3
"JP90C000F8K7","64312178","3年",40.92,14.07,0.89
"JP90C000F8K7","64312178","5年",NA,NA,NA
"JP90C000F8K7","64312178","10年",NA,NA,NA
"JP90C000F8L5","64313178","6ヶ月",0.71,7.69,0.22
"JP90C000F8L5","64313178","1年",0.52,6.27,0.11
"JP90C000F8L5","64313178","3年",20.53,7.93,0.83
"JP90C000F8L5","64313178","5年",NA,NA,NA
"JP90C000F8L5","64313178","10年",NA,NA,NA
"JP90C000F8M3","03316178","6ヶ月",-0.94,15.73,-0.05
"JP90C000F8M3","03316178","1年",-3.9,14.25,-0.21
"JP90C000F8M3","03316178","3年",39.28,17.14,0.73
"JP90C000F8M3","03316178","5年",NA,NA,NA
"JP90C000F8M3","03316178","10年",NA,NA,NA
"JP90C000F8N1","03317178","6ヶ月",-9.54,17.89,-1.03
"JP90C000F8N1","03317178","1年",-1.44,14.96,-0.03
"JP90C000F8N1","03317178","3年",41.06,17.42,0.75
"JP90C000F8N1","03317178","5年",NA,NA,NA
"JP90C000F8N1","03317178","10年",NA,NA,NA
"JP90C000F8P6","03318178","6ヶ月",0.18,9.88,0.08
"JP90C000F8P6","03318178","1年",3.49,7.21,0.51
"JP90C000F8P6","03318178","3年",27.55,8.07,1.05
"JP90C000F8P6","03318178","5年",NA,NA,NA
"JP90C000F8P6","03318178","10年",NA,NA,NA
"JP90C000F8Q4","64314178","6ヶ月",1.48,11.68,0.3
"JP90C000F8Q4","64314178","1年",3.47,8.97,0.42
"JP90C000F8Q4","64314178","3年",26.93,11.63,0.75
"JP90C000F8Q4","64314178","5年",NA,NA,NA
"JP90C000F8Q4","64314178","10年",NA,NA,NA
"JP90C000F9E8","AJ312178","6ヶ月",0.49,11.99,0.13
"JP90C000F9E8","AJ312178","1年",1.65,10.94,0.2
"JP90C000F9E8","AJ312178","3年",34.92,14.97,0.74
"JP90C000F9E8","AJ312178","5年",NA,NA,NA
"JP90C000F9E8","AJ312178","10年",NA,NA,NA
"JP90C000F9G3","AJ316178","6ヶ月",1.38,21.76,0.22
"JP90C000F9G3","AJ316178","1年",12.75,16.73,0.8
"JP90C000F9G3","AJ316178","3年",69.89,18.45,1.06
"JP90C000F9G3","AJ316178","5年",NA,NA,NA
"JP90C000F9G3","AJ316178","10年",NA,NA,NA
"JP90C000F9K5","AJ317178","6ヶ月",-1.24,10.75,-0.18
"JP90C000F9K5","AJ317178","1年",-7.39,11.88,-0.59
"JP90C000F9K5","AJ317178","3年",29.76,19.75,0.54
"JP90C000F9K5","AJ317178","5年",NA,NA,NA
"JP90C000F9K5","AJ317178","10年",NA,NA,NA
"JP90C000F9M1","AJ313178","6ヶ月",-0.89,16.02,-0.04
"JP90C000F9M1","AJ313178","1年",-4.11,14.34,-0.22
"JP90C000F9M1","AJ313178","3年",39.18,17.22,0.73
"JP90C000F9M1","AJ313178","5年",NA,NA,NA
"JP90C000F9M1","AJ313178","10年",NA,NA,NA
"JP90C000FBV7","55311179","6ヶ月",0.96,19.75,0.18
"JP90C000FBV7","55311179","1年",9.24,15.11,0.66
"JP90C000FBV7","55311179","3年",61.83,17.66,1
"JP90C000FBV7","55311179","5年",NA,NA,NA
"JP90C000FBV7","55311179","10年",NA,NA,NA
"JP90C000FCD3","04318178","6ヶ月",1.21,22.7,0.2
"JP90C000FCD3","04318178","1年",16.69,17.16,0.98
"JP90C000FCD3","04318178","3年",81.37,17.83,1.21
"JP90C000FCD3","04318178","5年",NA,NA,NA
"JP90C000FCD3","04318178","10年",NA,NA,NA
"JP90C000FCE1","04319178","6ヶ月",-9.6,18.01,-1.03
"JP90C000FCE1","04319178","1年",-1.45,15.04,-0.02
"JP90C000FCE1","04319178","3年",41.56,17.5,0.75
"JP90C000FCE1","04319178","5年",NA,NA,NA
"JP90C000FCE1","04319178","10年",NA,NA,NA
"JP90C000FD92","48311181","6ヶ月",0.89,11.91,0.2
"JP90C000FD92","48311181","1年",4.82,8.78,0.58
"JP90C000FD92","48311181","3年",21.54,9.62,0.73
"JP90C000FD92","48311181","5年",NA,NA,NA
"JP90C000FD92","48311181","10年",NA,NA,NA
"JP90C000FDM2","7931217A","6ヶ月",0.48,11.65,0.13
"JP90C000FDM2","7931217A","1年",4.27,8.89,0.51
"JP90C000FDM2","7931217A","3年",29.03,10.15,0.89
"JP90C000FDM2","7931217A","5年",NA,NA,NA
"JP90C000FDM2","7931217A","10年",NA,NA,NA
"JP90C000FED9","09311179","6ヶ月",0.57,15.47,0.14
"JP90C000FED9","09311179","1年",-1.72,11.75,-0.09
"JP90C000FED9","09311179","3年",29.01,15.83,0.62
"JP90C000FED9","09311179","5年",NA,NA,NA
"JP90C000FED9","09311179","10年",NA,NA,NA
"JP90C000FFC8","01312179","6ヶ月",1.15,12.99,0.23
"JP90C000FFC8","01312179","1年",5.39,9.62,0.59
"JP90C000FFC8","01312179","3年",28.3,11.35,0.79
"JP90C000FFC8","01312179","5年",NA,NA,NA
"JP90C000FFC8","01312179","10年",NA,NA,NA
"JP90C000FFX4","55312179","6ヶ月",1.06,22.7,0.19
"JP90C000FFX4","55312179","1年",16.38,17.16,0.97
"JP90C000FFX4","55312179","3年",80.18,17.84,1.2
"JP90C000FFX4","55312179","5年",NA,NA,NA
"JP90C000FFX4","55312179","10年",NA,NA,NA
"JP90C000FH72","4931317A","6ヶ月",-1.33,3.74,-0.69
"JP90C000FH72","4931317A","1年",-1.56,2.83,-0.54
"JP90C000FH72","4931317A","3年",-1.09,4.03,-0.06
"JP90C000FH72","4931317A","5年",NA,NA,NA
"JP90C000FH72","4931317A","10年",NA,NA,NA
"JP90C000FHC4","9I311179","6ヶ月",0.74,19.02,0.16
"JP90C000FHC4","9I311179","1年",8.22,14.66,0.61
"JP90C000FHC4","9I311179","3年",60.93,17.59,1
"JP90C000FHC4","9I311179","5年",NA,NA,NA
"JP90C000FHC4","9I311179","10年",NA,NA,NA
"JP90C000FHD2","9I312179","6ヶ月",-1.13,22.77,-0.01
"JP90C000FHD2","9I312179","1年",12.49,17.31,0.76
"JP90C000FHD2","9I312179","3年",77.27,18.57,1.13
"JP90C000FHD2","9I312179","5年",NA,NA,NA
"JP90C000FHD2","9I312179","10年",NA,NA,NA
"JP90C000FHE0","0331517A","6ヶ月",-0.09,10.01,0.02
"JP90C000FHE0","0331517A","1年",2.55,7.65,0.37
"JP90C000FHE0","0331517A","3年",25.84,10.23,0.81
"JP90C000FHE0","0331517A","5年",NA,NA,NA
"JP90C000FHE0","0331517A","10年",NA,NA,NA
"JP90C000FHF7","0331617A","6ヶ月",0.55,12.86,0.14
"JP90C000FHF7","0331617A","1年",3.6,9.95,0.4
"JP90C000FHF7","0331617A","3年",34.67,13.51,0.81
"JP90C000FHF7","0331617A","5年",NA,NA,NA
"JP90C000FHF7","0331617A","10年",NA,NA,NA
"JP90C000FHG5","0331717A","6ヶ月",0.59,14.3,0.14
"JP90C000FHG5","0331717A","1年",2.81,11.13,0.3
"JP90C000FHG5","0331717A","3年",43.13,15.41,0.86
"JP90C000FHG5","0331717A","5年",NA,NA,NA
"JP90C000FHG5","0331717A","10年",NA,NA,NA
"JP90C000FHZ5","0131317A","6ヶ月",1.17,20.25,0.2
"JP90C000FHZ5","0131317A","1年",10.05,15.66,0.69
"JP90C000FHZ5","0131317A","3年",64.88,18.09,1.02
"JP90C000FHZ5","0131317A","5年",NA,NA,NA
"JP90C000FHZ5","0131317A","10年",NA,NA,NA
"JP90C000FJ05","0131217A","6ヶ月",-0.96,15.77,-0.05
"JP90C000FJ05","0131217A","1年",-4.01,14.27,-0.22
"JP90C000FJ05","0131217A","3年",39.15,17.14,0.73
"JP90C000FJ05","0131217A","5年",NA,NA,NA
"JP90C000FJ05","0131217A","10年",NA,NA,NA
"JP90C000FJY4","AJ31117A","6ヶ月",0.77,11.32,0.18
"JP90C000FJY4","AJ31117A","1年",3.36,8.38,0.44
"JP90C000FJY4","AJ31117A","3年",30.06,10.95,0.86
"JP90C000FJY4","AJ31117A","5年",NA,NA,NA
"JP90C000FJY4","AJ31117A","10年",NA,NA,NA
"JP90C000FK36","2931517A","6ヶ月",-1.02,10.19,-0.16
"JP90C000FK36","2931517A","1年",-7.09,11.68,-0.57
"JP90C000FK36","2931517A","3年",32.36,19.4,0.58
"JP90C000FK36","2931517A","5年",NA,NA,NA
"JP90C000FK36","2931517A","10年",NA,NA,NA
"JP90C000FK44","2931617A","6ヶ月",1.15,12.93,0.23
"JP90C000FK44","2931617A","1年",5.36,9.54,0.59
"JP90C000FK44","2931617A","3年",29.73,10.91,0.85
"JP90C000FK44","2931617A","5年",NA,NA,NA
"JP90C000FK44","2931617A","10年",NA,NA,NA
"JP90C000FLK9","6431217B","6ヶ月",1.45,21.71,0.22
"JP90C000FLK9","6431217B","1年",12.7,16.69,0.8
"JP90C000FLK9","6431217B","3年",69.76,18.44,1.06
"JP90C000FLK9","6431217B","5年",NA,NA,NA
"JP90C000FLK9","6431217B","10年",NA,NA,NA
"JP90C000FLL7","6431117B","6ヶ月",-0.95,15.73,-0.05
"JP90C000FLL7","6431117B","1年",-3.96,14.25,-0.22
"JP90C000FLL7","6431117B","3年",39.13,17.13,0.73
"JP90C000FLL7","6431117B","5年",NA,NA,NA
"JP90C000FLL7","6431117B","10年",NA,NA,NA
"JP90C000FN25","4731317B","6ヶ月",-5.76,3.91,-3
"JP90C000FN25","4731317B","1年",-4.13,3.92,-1.05
"JP90C000FN25","4731317B","3年",4.92,4.04,0.42
"JP90C000FN25","4731317B","5年",NA,NA,NA
"JP90C000FN25","4731317B","10年",NA,NA,NA
"JP90C000FN33","4731417B","6ヶ月",-4.5,8.65,-1.02
"JP90C000FN33","4731417B","1年",-1.18,7.08,-0.13
"JP90C000FN33","4731417B","3年",18.72,8.11,0.75
"JP90C000FN33","4731417B","5年",NA,NA,NA
"JP90C000FN33","4731417B","10年",NA,NA,NA
"JP90C000FN41","4731517B","6ヶ月",-2.65,13.75,-0.33
"JP90C000FN41","4731517B","1年",2.75,10.61,0.31
"JP90C000FN41","4731517B","3年",32.63,12.99,0.79
"JP90C000FN41","4731517B","5年",NA,NA,NA
"JP90C000FN41","4731517B","10年",NA,NA,NA
"JP90C000FNK5","2931217B","6ヶ月",0.22,14.21,0.09
"JP90C000FNK5","2931217B","1年",2.04,11.23,0.23
"JP90C000FNK5","2931217B","3年",44.97,15.64,0.88
"JP90C000FNK5","2931217B","5年",NA,NA,NA
"JP90C000FNK5","2931217B","10年",NA,NA,NA
"JP90C000FNL3","2931317B","6ヶ月",1.44,15.9,0.25
"JP90C000FNL3","2931317B","1年",4.87,12.13,0.45
"JP90C000FNL3","2931317B","3年",38.09,16.24,0.75
"JP90C000FNL3","2931317B","5年",NA,NA,NA
"JP90C000FNL3","2931317B","10年",NA,NA,NA
"JP90C000FNM1","2931417B","6ヶ月",0.2,9.58,0.08
"JP90C000FNM1","2931417B","1年",2.14,7.27,0.33
"JP90C000FNM1","2931417B","3年",21.43,8.4,0.82
"JP90C000FNM1","2931417B","5年",NA,NA,NA
"JP90C000FNM1","2931417B","10年",NA,NA,NA
"JP90C000FNN9","2931517B","6ヶ月",-1.17,4.45,-0.51
"JP90C000FNN9","2931517B","1年",-1.14,3.33,-0.32
"JP90C000FNN9","2931517B","3年",6.16,4.5,0.47
"JP90C000FNN9","2931517B","5年",NA,NA,NA
"JP90C000FNN9","2931517B","10年",NA,NA,NA
"JP90C000FQQ5","8931117C","6ヶ月",0.47,7.38,0.16
"JP90C000FQQ5","8931117C","1年",-4.96,11.75,-0.37
"JP90C000FQQ5","8931117C","3年",31.6,18.55,0.59
"JP90C000FQQ5","8931117C","5年",NA,NA,NA
"JP90C000FQQ5","8931117C","10年",NA,NA,NA
"JP90C000FQR3","8931217C","6ヶ月",0.85,18.88,0.17
"JP90C000FQR3","8931217C","1年",7.93,14.55,0.59
"JP90C000FQR3","8931217C","3年",59.96,17.62,0.98
"JP90C000FQR3","8931217C","5年",NA,NA,NA
"JP90C000FQR3","8931217C","10年",NA,NA,NA
"JP90C000FS95","3431117C","6ヶ月",0.8,14.12,0.17
"JP90C000FS95","3431117C","1年",6.35,10.49,0.64
"JP90C000FS95","3431117C","3年",35.86,10.46,1.04
"JP90C000FS95","3431117C","5年",NA,NA,NA
"JP90C000FS95","3431117C","10年",NA,NA,NA
"JP90C000FSN8","64311181","6ヶ月",-0.8,10.32,-0.11
"JP90C000FSN8","64311181","1年",-6.63,11.5,-0.54
"JP90C000FSN8","64311181","3年",33.12,19.43,0.59
"JP90C000FSN8","64311181","5年",NA,NA,NA
"JP90C000FSN8","64311181","10年",NA,NA,NA
"JP90C000FSP3","64312181","6ヶ月",0.48,12.01,0.13
"JP90C000FSP3","64312181","1年",1.63,10.96,0.2
"JP90C000FSP3","64312181","3年",34.95,14.97,0.74
"JP90C000FSP3","64312181","5年",NA,NA,NA
"JP90C000FSP3","64312181","10年",NA,NA,NA
"JP90C000FVY9","89311181","6ヶ月",1.04,20.17,0.19
"JP90C000FVY9","89311181","1年",9.25,15.29,0.65
"JP90C000FVY9","89311181","3年",62.08,17.84,1
"JP90C000FVY9","89311181","5年",NA,NA,NA
"JP90C000FVY9","89311181","10年",NA,NA,NA
"JP90C000FX72","47313181","6ヶ月",-4.59,1.78,-5.23
"JP90C000FX72","47313181","1年",-4.24,2.09,-2.05
"JP90C000FX72","47313181","3年",-1.97,2.38,-0.25
"JP90C000FX72","47313181","5年",NA,NA,NA
"JP90C000FX72","47313181","10年",NA,NA,NA
"JP90C000FX80","47314181","6ヶ月",-4.2,5.38,-1.57
"JP90C000FX80","47314181","1年",-3.03,4.31,-0.69
"JP90C000FX80","47314181","3年",6.48,5.04,0.45
"JP90C000FX80","47314181","5年",NA,NA,NA
"JP90C000FX80","47314181","10年",NA,NA,NA
"JP90C000FX98","47315181","6ヶ月",-3.2,7.41,-0.84
"JP90C000FX98","47315181","1年",-1.45,5.68,-0.23
"JP90C000FX98","47315181","3年",11.76,7.07,0.56
"JP90C000FX98","47315181","5年",NA,NA,NA
"JP90C000FX98","47315181","10年",NA,NA,NA
"JP90C000FXA5","47316181","6ヶ月",-1.74,10.67,-0.28
"JP90C000FXA5","47316181","1年",1.27,7.98,0.2
"JP90C000FXA5","47316181","3年",21.12,10.26,0.68
"JP90C000FXA5","47316181","5年",NA,NA,NA
"JP90C000FXA5","47316181","10年",NA,NA,NA
"JP90C000FXB3","47317181","6ヶ月",-0.29,13.96,0.02
"JP90C000FXB3","47317181","1年",3.79,10.32,0.41
"JP90C000FXB3","47317181","3年",29.87,13.38,0.72
"JP90C000FXB3","47317181","5年",NA,NA,NA
"JP90C000FXB3","47317181","10年",NA,NA,NA
"JP90C000FXV1","03311182","6ヶ月",-0.91,15.73,-0.05
"JP90C000FXV1","03311182","1年",-3.86,14.26,-0.21
"JP90C000FXV1","03311182","3年",39.46,17.14,0.73
"JP90C000FXV1","03311182","5年",NA,NA,NA
"JP90C000FXV1","03311182","10年",NA,NA,NA
"JP90C000G631","03316183","6ヶ月",1.21,20.19,0.2
"JP90C000G631","03316183","1年",10.11,15.61,0.69
"JP90C000G631","03316183","3年",65.07,18.09,1.02
"JP90C000G631","03316183","5年",NA,NA,NA
"JP90C000G631","03316183","10年",NA,NA,NA
"JP90C000G664","AJ316183","6ヶ月",0.62,15.11,0.14
"JP90C000G664","AJ316183","1年",6.64,11.55,0.61
"JP90C000G664","AJ316183","3年",41.38,12.88,0.97
"JP90C000G664","AJ316183","5年",NA,NA,NA
"JP90C000G664","AJ316183","10年",NA,NA,NA
"JP90C000G672","AJ314183","6ヶ月",-3.15,5.86,-1.06
"JP90C000G672","AJ314183","1年",-0.6,4.91,-0.1
"JP90C000G672","AJ314183","3年",11.91,4.6,0.85
"JP90C000G672","AJ314183","5年",NA,NA,NA
"JP90C000G672","AJ314183","10年",NA,NA,NA
"JP90C000G680","AJ315183","6ヶ月",-0.84,11.42,-0.1
"JP90C000G680","AJ315183","1年",3.79,8.82,0.47
"JP90C000G680","AJ315183","3年",29.03,9.6,0.94
"JP90C000G680","AJ315183","5年",NA,NA,NA
"JP90C000G680","AJ315183","10年",NA,NA,NA
"JP90C000G7W3","03312184","6ヶ月",0.53,14.1,0.13
"JP90C000G7W3","03312184","1年",2.6,11.07,0.28
"JP90C000G7W3","03312184","3年",45.98,15.6,0.89
"JP90C000G7W3","03312184","5年",NA,NA,NA
"JP90C000G7W3","03312184","10年",NA,NA,NA
"JP90C000GB28","01312185","6ヶ月",0.23,8.76,0.09
"JP90C000GB28","01312185","1年",0.38,6.93,0.09
"JP90C000GB28","01312185","3年",24.26,9.68,0.8
"JP90C000GB28","01312185","5年",NA,NA,NA
"JP90C000GB28","01312185","10年",NA,NA,NA
"JP90C000GKC6","03311187","6ヶ月",1.29,22.7,0.21
"JP90C000GKC6","03311187","1年",16.86,17.16,0.99
"JP90C000GKC6","03311187","3年",81.98,17.82,1.22
"JP90C000GKC6","03311187","5年",NA,NA,NA
"JP90C000GKC6","03311187","10年",NA,NA,NA
"JP90C000GMQ2","9I311187","6ヶ月",-1.91,13.35,-0.23
"JP90C000GMQ2","9I311187","1年",3.33,10.44,0.36
"JP90C000GMQ2","9I311187","3年",40.12,12.27,0.98
"JP90C000GMQ2","9I311187","5年",NA,NA,NA
"JP90C000GMQ2","9I311187","10年",NA,NA,NA
"JP90C000GMR0","9I312187","6ヶ月",-3.89,9.65,-0.78
"JP90C000GMR0","9I312187","1年",-0.07,7.79,0.03
"JP90C000GMR0","9I312187","3年",26.42,8.95,0.92
"JP90C000GMR0","9I312187","5年",NA,NA,NA
"JP90C000GMR0","9I312187","10年",NA,NA,NA
"JP90C000GMS8","9I313187","6ヶ月",-5.93,6.12,-1.96
"JP90C000GMS8","9I313187","1年",-3.5,5.47,-0.62
"JP90C000GMS8","9I313187","3年",13.02,6.1,0.7
"JP90C000GMS8","9I313187","5年",NA,NA,NA
"JP90C000GMS8","9I313187","10年",NA,NA,NA
"JP90C000GV81","AY311189","6ヶ月",-1.3,4.84,-0.6
"JP90C000GV81","AY311189","1年",-0.56,3.4,-0.1
"JP90C000GV81","AY311189","3年",7.14,3.31,0.75
"JP90C000GV81","AY311189","5年",NA,NA,NA
"JP90C000GV81","AY311189","10年",NA,NA,NA
"JP90C000GV99","AY312189","6ヶ月",-0.55,7.16,-0.1
"JP90C000GV99","AY312189","1年",0.37,5.12,0.2
"JP90C000GV99","AY312189","3年",13.81,6.17,0.8
"JP90C000GV99","AY312189","5年",NA,NA,NA
"JP90C000GV99","AY312189","10年",NA,NA,NA
"JP90C000GVW1","32311189","6ヶ月",1.84,23.11,0.25
"JP90C000GVW1","32311189","1年",8.78,16.37,0.59
"JP90C000GVW1","32311189","3年",59.05,19.03,0.92
"JP90C000GVW1","32311189","5年",NA,NA,NA
"JP90C000GVW1","32311189","10年",NA,NA,NA
"JP90C000H1T1","0331418A","6ヶ月",1.14,19.77,0.2
"JP90C000H1T1","0331418A","1年",9.62,15.11,0.68
"JP90C000H1T1","0331418A","3年",63.21,17.66,1.02
"JP90C000H1T1","0331418A","5年",NA,NA,NA
"JP90C000H1T1","0331418A","10年",NA,NA,NA
"JP90C000HZE8","47312197","6ヶ月",1.03,19.78,0.19
"JP90C000HZE8","47312197","1年",9.48,15.13,0.67
"JP90C000HZE8","47312197","3年",NA,NA,NA
"JP90C000HZE8","47312197","5年",NA,NA,NA
"JP90C000HZE8","47312197","10年",NA,NA,NA
"JP90C000J5T0","49311199","6ヶ月",0.3,10.87,0.1
"JP90C000J5T0","49311199","1年",4.09,7.92,0.55
"JP90C000J5T0","49311199","3年",NA,NA,NA
"JP90C000J5T0","49311199","5年",NA,NA,NA
"JP90C000J5T0","49311199","10年",NA,NA,NA
"JP90C000J5U8","49312199","6ヶ月",0.32,11.22,0.1
"JP90C000J5U8","49312199","1年",4.22,8.18,0.55
"JP90C000J5U8","49312199","3年",NA,NA,NA
"JP90C000J5U8","49312199","5年",NA,NA,NA
"JP90C000J5U8","49312199","10年",NA,NA,NA
"JP90C000J5V6","49313199","6ヶ月",0.39,11.54,0.12
"JP90C000J5V6","49313199","1年",4.41,8.42,0.56
"JP90C000J5V6","49313199","3年",NA,NA,NA
"JP90C000J5V6","49313199","5年",NA,NA,NA
"JP90C000J5V6","49313199","10年",NA,NA,NA
"JP90C000J5W4","49314199","6ヶ月",0.52,12.19,0.14
"JP90C000J5W4","49314199","1年",4.78,8.89,0.57
"JP90C000J5W4","49314199","3年",NA,NA,NA
"JP90C000J5W4","49314199","5年",NA,NA,NA
"JP90C000J5W4","49314199","10年",NA,NA,NA
"JP90C000JTA5","25312202","6ヶ月",-0.79,15.75,-0.03
"JP90C000JTA5","25312202","1年",-3.94,14.27,-0.21
"JP90C000JTA5","25312202","3年",NA,NA,NA
"JP90C000JTA5","25312202","5年",NA,NA,NA
"JP90C000JTA5","25312202","10年",NA,NA,NA
"JP90C000JUG0","25314202","6ヶ月",1.18,22.62,0.2
"JP90C000JUG0","25314202","1年",16.5,17.1,0.98
"JP90C000JUG0","25314202","3年",NA,NA,NA
"JP90C000JUG0","25314202","5年",NA,NA,NA
"JP90C000JUG0","25314202","10年",NA,NA,NA
"JP90C000JUK2","25313202","6ヶ月",2.63,24.27,0.31
"JP90C000JUK2","25313202","1年",18.96,18.29,1.04
"JP90C000JUK2","25313202","3年",NA,NA,NA
"JP90C000JUK2","25313202","5年",NA,NA,NA
"JP90C000JUK2","25313202","10年",NA,NA,NA
"JP90C000JUL0","25315202","6ヶ月",0.86,15.51,0.18
"JP90C000JUL0","25315202","1年",-1.51,11.8,-0.07
"JP90C000JUL0","25315202","3年",NA,NA,NA
"JP90C000JUL0","25315202","5年",NA,NA,NA
"JP90C000JUL0","25315202","10年",NA,NA,NA
"JP90C000JX03","03315203","6ヶ月",1.22,22.7,0.2
"JP90C000JX03","03315203","1年",16.72,17.16,0.99
"JP90C000JX03","03315203","3年",NA,NA,NA
"JP90C000JX03","03315203","5年",NA,NA,NA
"JP90C000JX03","03315203","10年",NA,NA,NA
"JP90C000JX11","03316203","6ヶ月",1.07,19.67,0.19
"JP90C000JX11","03316203","1年",9.46,15.04,0.67
"JP90C000JX11","03316203","3年",NA,NA,NA
"JP90C000JX11","03316203","5年",NA,NA,NA
"JP90C000JX11","03316203","10年",NA,NA,NA
"JP90C000KBY1","AJ311207","6ヶ月",1.08,22.71,0.19
"JP90C000KBY1","AJ311207","1年",16.24,17.17,0.96
"JP90C000KBY1","AJ311207","3年",NA,NA,NA
"JP90C000KBY1","AJ311207","5年",NA,NA,NA
"JP90C000KBY1","AJ311207","10年",NA,NA,NA
"JP90C000KCW3","29312206","6ヶ月",0.39,16.07,0.12
"JP90C000KCW3","29312206","1年",3.68,12.94,0.34
"JP90C000KCW3","29312206","3年",NA,NA,NA
"JP90C000KCW3","29312206","5年",NA,NA,NA
"JP90C000KCW3","29312206","10年",NA,NA,NA
"JP90C000KQ33","32312209","6ヶ月",-0.48,18.57,0.03
"JP90C000KQ33","32312209","1年",4.9,13.18,0.43
"JP90C000KQ33","32312209","3年",NA,NA,NA
"JP90C000KQ33","32312209","5年",NA,NA,NA
"JP90C000KQ33","32312209","10年",NA,NA,NA
"JP90C000KQ41","32313209","6ヶ月",1.36,22.11,0.21
"JP90C000KQ41","32313209","1年",8.16,15.66,0.57
"JP90C000KQ41","32313209","3年",NA,NA,NA
"JP90C000KQ41","32313209","5年",NA,NA,NA
"JP90C000KQ41","32313209","10年",NA,NA,NA
"JP90C000LZD2","9I311216","6ヶ月",-6.98,5.92,-2.4
"JP90C000LZD2","9I311216","1年",NA,NA,NA
"JP90C000LZD2","9I311216","3年",NA,NA,NA
"JP90C000LZD2","9I311216","5年",NA,NA,NA
"JP90C000LZD2","9I311216","10年",NA,NA,NA
"JP90C000LZE0","9I312216","6ヶ月",-5.86,8.33,-1.41
"JP90C000LZE0","9I312216","1年",NA,NA,NA
"JP90C000LZE0","9I312216","3年",NA,NA,NA
"JP90C000LZE0","9I312216","5年",NA,NA,NA
"JP90C000LZE0","9I312216","10年",NA,NA,NA
"JP90C000LZF7","9I313216","6ヶ月",-4.59,10.86,-0.82
"JP90C000LZF7","9I313216","1年",NA,NA,NA
"JP90C000LZF7","9I313216","3年",NA,NA,NA
"JP90C000LZF7","9I313216","5年",NA,NA,NA
"JP90C000LZF7","9I313216","10年",NA,NA,NA
"JP90C000LZG5","9I314216","6ヶ月",-3.65,13.19,-0.51
"JP90C000LZG5","9I314216","1年",NA,NA,NA
"JP90C000LZG5","9I314216","3年",NA,NA,NA
"JP90C000LZG5","9I314216","5年",NA,NA,NA
"JP90C000LZG5","9I314216","10年",NA,NA,NA
"JP90C000LZH3","9I315216","6ヶ月",-2.75,15.29,-0.3
"JP90C000LZH3","9I315216","1年",NA,NA,NA
"JP90C000LZH3","9I315216","3年",NA,NA,NA
"JP90C000LZH3","9I315216","5年",NA,NA,NA
"JP90C000LZH3","9I315216","10年",NA,NA,NA
