"日付","始値","高値","安値","終値","前月比","前月比％","売買高(株)","code"
"22/05/31","520","526.8","473.2","500.6","-16.4","-3.2","387,910,400",7201
"22/04/28","538.1","557.1","492.5","517","-30.8","-5.6","335,039,800",7201
"22/03/31","551.1","563.1","436.5","547.8","2.5","0.5","520,654,900",7201
"22/02/28","610.5","643","537.1","545.3","-62.1","-10.2","350,498,500",7201
"22/01/31","569","650","566.6","607.4","51.6","9.3","354,492,200",7201
"21/12/30","565.5","573.9","532","555.8","-7.1","-1.3","328,137,600",7201
"21/11/30","585.1","654.3","562.9","562.9","-14.5","-2.5","397,291,400",7201
"21/10/29","552.1","611.9","516.5","577.4","15.3","2.7","330,313,300",7201
"21/09/30","583.8","588.7","541.3","562.1","-16.4","-2.8","269,864,100",7201
"21/08/31","634.5","638","521.6","578.5","-52.4","-8.3","273,801,600",7201
"21/07/30","556.1","650","543.6","630.9","79.6","14.4","358,207,800",7201
"21/06/30","542.8","571.4","517.5","551.3","12.2","2.3","239,412,400",7201
"21/05/31","558.7","583.2","501","539.1","-8.6","-1.6","302,895,800",7201
"21/04/30","620","621.5","535.4","547.7","-68.2","-11.1","309,667,400",7201
"21/03/31","580.5","629.9","573.4","615.9","41.2","7.2","402,283,200",7201
"21/02/26","530.7","664.5","530.1","574.7","42.6","8","441,972,200",7201
"21/01/29","569","573.8","518.4","532.1","-27.9","-5","376,635,400",7201
"20/12/30","492.1","587.4","492","560","67.5","13.7","509,388,300",7201
"20/11/30","371.3","547.6","370.2","492.5","126.5","34.6","613,585,900",7201
"20/10/30","374","395.7","364.2","366","-5.8","-1.6","286,877,500",7201
"20/09/30","430","434.7","359.7","371.8","-59.7","-13.8","358,563,300",7201
"20/08/31","369","444.4","367","431.5","70.5","19.5","359,322,100",7201
"20/07/31","398.6","452.2","361","361","-38.2","-9.6","565,744,900",7201
"20/06/30","405.1","491","392.1","399.2","-1.7","-0.4","628,861,900",7201
"20/05/29","364.3","457.7","331.3","400.9","31.1","8.4","426,415,500",7201
"20/04/30","357.9","386.4","311.2","369.8","13.2","3.7","448,277,200",7201
"20/03/31","453.9","470.8","356.2","356.6","-107","-23.1","628,740,800",7201
"20/02/28","589.9","607.6","453","463.6","-135.9","-22.7","333,292,800",7201
"20/01/31","630.7","646.2","589","599.5","-36.6","-5.8","221,800,100",7201
"19/12/30","681.4","689.5","633.0","636.1","-42.7","-6.3","230,786,200",7201
"19/11/29","688.4","714.8","657.6","678.8","-10.6","-1.5","309,494,600",7201
"19/10/31","683.4","699.6","647.0","689.4","15.3","2.3","241,292,400",7201
"19/09/30","654.4","721.7","642.0","674.1","17.7","2.7","269,430,300",7201
"19/08/30","702.9","713.4","635.1","656.4","-54.4","-7.7","292,999,200",7201
"19/07/31","776.8","789.6","710.8","710.8","-60.8","-7.9","233,123,000",7201
"19/06/28","723.3","779.5","722.0","771.6","37","5","222,749,800",7201
"19/05/31","890.0","890.6","728.0","734.6","-158.7","-17.8","376,045,400",7201
"19/04/26","916.0","966.0","876.0","893.3","-14.9","-1.6","256,758,600",7201
"19/03/29","962.0","969.0","907.3","908.2","-54.2","-5.6","275,123,700",7201
"19/02/28","924.6","969.6","913.3","962.4","35.6","3.8","186,336,200",7201
"19/01/31","856.1","936.6","854.3","926.8","46.5","5.3","214,115,300",7201
"18/12/28","1,004.0","1,008.5","835.5","880.3","-114","-11.5","341,388,000",7201
"18/11/30","1,026.0","1,034.5","940.0","994.3","-33.2","-3.2","483,625,100",7201
"18/10/31","1,063.5","1,063.5","974.6","1,027.5","-36","-3.4","304,243,300",7201
"18/09/28","1,041.0","1,108.5","1,019.0","1,063.5","23.5","2.3","270,645,100",7201
"18/08/31","1,063.0","1,065.0","1,024.0","1,040.0","-15.5","-1.5","233,298,700",7201
"18/07/31","1,067.5","1,071.0","999.5","1,055.5","-22.5","-2.1","300,125,000",7201
"18/06/29","1,077.5","1,109.5","1,060.5","1,078.0","-2.5","-0.2","212,218,500",7201
"18/05/31","1,151.0","1,151.5","1,080.5","1,080.5","-71","-6.2","259,517,400",7201
"18/04/27","1,100.0","1,157.5","1,091.0","1,151.5","47.5","4.3","238,435,600",7201
"18/03/30","1,120.0","1,131.5","1,073.5","1,104.0","-21","-1.9","389,532,000",7201
"18/02/28","1,172.0","1,178.0","1,103.5","1,125.0","-38.5","-3.3","369,924,100",7201
"18/01/31","1,130.0","1,197.0","1,128.0","1,163.5","40","3.6","297,245,400",7201
"17/12/29","1,092.0","1,130.0","1,076.5","1,123.5","35.5","3.3","233,542,900",7201
"17/11/30","1,107.0","1,121.5","1,060.5","1,088.0","-10.5","-1","360,950,200",7201
"17/10/31","1,054.5","1,114.5","1,054.5","1,098.5","-16","-1.4","483,292,200",7201
"17/09/29","1,096.5","1,167.5","1,079.0","1,114.5","21.5","2","374,013,900",7201
"17/08/31","1,096.0","1,111.0","1,075.0","1,093.0","-3","-0.3","250,324,000",7201
"17/07/31","1,114.0","1,157.5","1,096.0","1,096.0","-22","-2","273,971,300",7201
"17/06/30","1,061.5","1,118.5","1,058.5","1,118.0","56.5","5.3","238,780,000",7201
"17/05/31","1,059.5","1,114.0","1,055.0","1,061.5","3","0.3","236,062,800",7201
"17/04/28","1,071.0","1,076.5","996.2","1,058.5","-15","-1.4","283,834,100",7201
"17/03/31","1,115.0","1,162.5","1,073.5","1,073.5","-32.5","-2.9","321,867,300",7201
"17/02/28","1,108.0","1,139.0","1,095.0","1,106.0","-13","-1.2","213,544,900",7201
"17/01/31","1,191.0","1,207.5","1,115.0","1,119.0","-56.5","-4.8","210,755,000",7201
"16/12/30","1,090.0","1,220.0","1,058.0","1,175.5","119","11.3","296,462,500",7201
"16/11/30","1,069.5","1,104.5","957.2","1,056.5","-12","-1.1","380,286,800",7201
"16/10/31","986.1","1,069.0","980.5","1,068.5","85.8","8.7","297,891,800",7201
"16/09/30","1,028.0","1,058.0","976.0","982.7","-32.3","-3.2","268,602,100",7201
"16/08/31","986.1","1,023.5","944.0","1,015.0","3","0.3","358,434,600",7201
"16/07/29","924.3","1,068.5","904.4","1,012.0","94.1","10.3","318,281,000",7201
"16/06/30","1,120.0","1,128.0","893.1","917.9","-207.1","-18.4","295,808,200",7201
"16/05/31","949.3","1,125.0","943.0","1,125.0","125","12.5","295,900,900",7201
"16/04/28","1,036.5","1,079.5","922.0","1,000.0","-41.5","-4","355,799,100",7201
"16/03/31","1,020.0","1,125.0","993.5","1,041.5","17","1.7","346,895,000",7201
"16/02/29","1,210.0","1,214.5","923.3","1,024.5","-155.5","-13.2","364,836,500",7201
"16/01/29","1,268.5","1,272.0","1,035.0","1,180.0","-99.5","-7.8","263,530,300",7201
"15/12/30","1,300.0","1,304.5","1,214.5","1,279.5","-35","-2.7","243,250,600",7201
"15/11/30","1,206.5","1,321.5","1,206.0","1,314.5","48","3.8","215,518,100",7201
"15/10/30","1,107.0","1,274.0","1,101.0","1,266.5","172.5","15.8","252,015,300",7201
"15/09/30","1,091.0","1,180.0","1,025.5","1,094.0","-3","-0.3","287,535,000",7201
"15/08/31","1,189.5","1,217.0","999.1","1,097.0","-101.5","-8.5","284,418,000",7201
"15/07/31","1,279.0","1,331.0","1,127.0","1,198.5","-76.5","-6","310,972,600",7201
"15/06/30","1,293.0","1,350.0","1,217.0","1,275.0","-25.5","-2","231,724,800",7201
"15/05/29","1,229.0","1,312.0","1,198.5","1,300.5","49.5","4","179,454,900",7201
"15/04/30","1,211.0","1,311.5","1,191.5","1,251.0","27","2.2","208,888,800",7201
"15/03/31","1,269.0","1,303.5","1,207.0","1,224.0","-40","-3.2","226,993,000",7201
"15/02/27","1,002.5","1,275.0","996.0","1,264.0","247.5","24.3","271,027,500",7201
"15/01/30","1,056.0","1,057.5","963.1","1,016.5","-40.5","-3.8","232,210,300",7201
"14/12/30","1,108.0","1,146.5","1,003.0","1,057.0","-51.5","-4.6","257,242,000",7201
"14/11/28","1,080.0","1,125.5","1,019.0","1,108.5","110.6","11.1","248,698,700",7201
"14/10/31","1,061.0","1,063.0","917.4","997.9","-71.1","-6.7","322,589,200",7201
"14/09/30","1,000.5","1,089.5","996.2","1,069.0","70","7","194,962,600",7201
"14/08/29","1,012.0","1,026.0","957.6","999.0","-23","-2.3","225,267,100",7201
"14/07/31","964.0","1,047.0","956.0","1,022.0","61","6.3","235,397,800",7201
"14/06/30","922.0","1,017.0","921.0","961.0","42","4.6","258,432,300",7201
"14/05/30","876.0","936.0","856.0","919.0","42","4.8","235,908,900",7201
"14/04/30","926.0","950.0","865.0","877.0","-43","-4.7","259,372,500",7201
"14/03/31","898.0","923.0","842.0","920.0","9","1","280,134,000",7201
"14/02/28","877.0","943.0","824.0","911.0","26","2.9","265,910,400",7201
"14/01/31","890.0","974.0","882.0","885.0","1","0.1","344,296,000",7201
"13/12/30","934.0","942.0","858.0","884.0","-52","-5.6","324,686,100",7201
"13/11/29","990.0","992.0","850.0","936.0","-46","-4.7","399,601,800",7201
"13/10/31","993.0","1,029.0","945.0","982.0","-2","-0.2","326,889,200",7201
"13/09/30","980.0","1,045.0","978.0","984.0","7","0.7","232,142,500",7201
"13/08/30","1,026.0","1,079.0","974.0","977.0","-50","-4.9","254,749,900",7201
"13/07/31","1,030.0","1,126.0","1,005.0","1,027.0","22","2.2","264,121,800",7201
"13/06/28","1,089.0","1,107.0","958.0","1,005.0","-110","-9.9","374,380,700",7201
"13/05/31","1,018.0","1,250.0","972.0","1,115.0","99","9.7","452,487,100",7201
"13/04/30","906.0","1,077.0","845.0","1,016.0","111","12.3","476,599,500",7201
"13/03/29","949.0","1,034.0","897.0","905.0","-32","-3.4","315,185,500",7201
"13/02/28","950.0","1,011.0","901.0","937.0","1","0.1","369,383,700",7201
"13/01/31","850.0","944.0","816.0","936.0","125","15.4","418,811,800",7201
"12/12/28","810.0","844.0","755.0","811.0","12","1.5","375,167,500",7201
"12/11/30","669.0","815.0","658.0","799.0","131","19.6","389,026,700",7201
"12/10/31","657.0","710.0","639.0","668.0","3","0.5","419,500,000",7201
"12/09/28","730.0","752.0","652.0","665.0","-65","-8.9","406,237,400",7201
"12/08/31","735.0","803.0","727.0","730.0","-14","-1.9","263,250,800",7201
"12/07/31","765.0","765.0","688.0","744.0","-4","-0.5","320,581,500",7201
"12/06/29","744","777","702","748","-10","-1.3","330,955,100",7201
"12/05/31","830","830","741","758","-78","-9.3","339,217,800",7201
"12/04/27","894","905","801","836","-45","-5.1","326,433,600",7201
"12/03/30","831","898","782","881","49","5.9","380,448,600",7201
"12/02/29","721","848","721","832","113","15.7","382,820,600",7201
"12/01/31","700","746","667","719","27","3.9","333,288,500",7201
"11/12/30","720","720","666","692","2","0.3","358,641,800",7201
"11/11/30","720","738","646","690","-45","-6.1","266,660,400",7201
"11/10/31","685","744","657","735","42","6.1","290,539,100",7201
"11/09/30","699","720","614","693","-4","-0.6","410,731,300",7201
"11/08/31","827","842","619","697","-125","-15.2","587,140,200",7201
"11/07/29","850","881","821","822","-20","-2.4","313,241,000",7201
"11/06/30","814","853","764","842","28","3.4","406,167,200",7201
"11/05/31","794","839","762","814","40","5.2","411,116,400",7201
"11/04/28","735","791","683","774","36","4.9","463,037,600",7201
"11/03/31","842","860","636","738","-97","-11.6","621,265,100",7201
"11/02/28","834","894","817","835","5","0.6","346,472,200",7201
"11/01/31","788","865","785","830","57","7.4","318,557,600",7201
"10/12/30","791","828","772","773","-12","-1.5","317,125,200",7201
"10/11/30","698","815","683","785","75","10.6","385,911,400",7201
"10/10/29","731","764","705","710","-19","-2.6","423,079,700",7201
"10/09/30","640","759","637","729","87","13.6","392,134,300",7201
"10/08/31","660","679","618","642","-22","-3.3","381,980,900",7201
"10/07/30","616","688","600","664","38","6.1","365,731,300",7201
"10/06/30","663","702","608","626","-38","-5.7","444,430,800",7201
"10/05/31","791","800","630","664","-159","-19.3","456,668,700",7201
"10/04/30","810","845","776","823","22","2.7","324,423,300",7201
"10/03/31","705","814","692","801","96","13.6","397,565,600",7201
"10/02/26","731","772","695","705","-31","-4.2","405,915,700",7201
"10/01/29","813","824","710","736","-74","-9.1","388,473,600",7201
"22/05/31","2,267.0","2,282.5","1,971.0","2,122.5","-113","-5.1","545,952,200",7203
"22/04/28","2,222.5","2,269.0","2,065.5","2,235.5","13","0.6","527,209,900",7203
"22/03/31","2,119.5","2,262.0","1,805.0","2,222.5","84","3.9","808,023,700",7203
"22/02/28","2,261.0","2,375.5","2,078.5","2,138.5","-107","-4.8","477,052,100",7203
"22/01/31","2,158.0","2,475.0","2,154.5","2,245.5","140","6.6","668,062,900",7203
"21/12/30","2,007.5","2,165.0","2,002.0","2,105.5","104.5","5.2","482,973,600",7203
"21/11/30","2,028.0","2,188.0","1,995.0","2,001.0","-5.5","-0.3","444,785,600",7203
"21/10/29","1,980.0","2,062.0","1,818.0","2,006.5","6.5","0.3","412,365,500",7203
"21/09/30","1,940.2","2,092.0","1,918.4","2,000.0","81.6","4.3","597,068,400",7203
"21/08/31","1,977.4","2,029.0","1,772.8","1,918.4","-42.6","-2.2","634,271,500",7203
"21/07/30","1,945.6","2,002.0","1,894.4","1,961.0","19","1","452,708,000",7203
"21/06/30","1,826.0","2,066.0","1,826.0","1,942.0","119","6.5","734,296,000",7203
"21/05/31","1,670.0","1,845.4","1,636.8","1,823.0","197.6","12.2","611,082,000",7203
"21/04/30","1,738.8","1,739.0","1,622.0","1,625.4","-97.8","-5.7","513,436,000",7203
"21/03/31","1,582.2","1,742.4","1,557.2","1,723.2","148.6","9.4","813,757,500",7203
"21/02/26","1,455.6","1,699.4","1,443.2","1,574.6","114.6","7.8","645,335,500",7203
"21/01/29","1,606.0","1,606.0","1,459.6","1,460.0","-131.4","-8.3","588,137,500",7203
"20/12/30","1,422.2","1,609.0","1,396.0","1,591.4","191.6","13.7","614,474,000",7203
"20/11/30","1,373.2","1,504.8","1,370.0","1,399.8","39.2","2.9","629,735,000",7203
"20/10/30","1,384.0","1,415.6","1,356.0","1,360.6","-25.8","-1.9","392,062,500",7203
"20/09/30","1,398.0","1,435.8","1,367.6","1,386.4","-14.8","-1.1","462,462,000",7203
"20/08/31","1,261.8","1,476.0","1,251.0","1,401.2","157.8","12.7","501,836,000",7203
"20/07/31","1,352.0","1,374.0","1,243.4","1,243.4","-109","-8.1","493,403,500",7203
"20/06/30","1,357.0","1,434.8","1,337.0","1,352.4","1.4","0.1","598,903,500",7203
"20/05/29","1,320.6","1,396.0","1,241.6","1,351.0","17.8","1.3","622,689,500",7203
"20/04/30","1,286.0","1,375.0","1,232.6","1,333.2","33","2.5","680,941,500",7203
"20/03/31","1,388.2","1,469.6","1,154.2","1,300.2","-125.2","-8.8","1,215,537,000",7203
"20/02/28","1,511.4","1,605.2","1,400.8","1,425.4","-105","-6.9","522,169,000",7203
"20/01/31","1,519.8","1,578.8","1,506.0","1,530.4","-12.4","-0.8","428,432,500",7203
"19/12/30","1,540.2","1,570.8","1,525.2","1,542.8","15.2","1","387,589,000",7203
"19/11/29","1,492.0","1,589.8","1,491.6","1,527.6","19.2","1.3","449,681,500",7203
"19/10/31","1,449.0","1,510.8","1,390.2","1,508.4","65.2","4.5","452,198,500",7203
"19/09/30","1,393.4","1,498.8","1,386.6","1,443.2","51.2","3.7","545,344,000",7203
"19/08/30","1,403.6","1,424.0","1,324.0","1,392.0","-12.8","-0.9","529,756,000",7203
"19/07/31","1,353.0","1,448.8","1,345.4","1,404.8","67.2","5","520,886,500",7203
"19/06/28","1,261.8","1,371.6","1,254.8","1,337.6","60.8","4.8","470,173,500",7203
"19/05/31","1,371.0","1,380.0","1,276.6","1,276.8","-104.2","-7.5","490,762,000",7203
"19/04/26","1,314.2","1,416.0","1,311.4","1,381.0","83.6","6.4","406,446,500",7203
"19/03/29","1,347.0","1,352.2","1,297.4","1,297.4","-42","-3.1","495,195,500",7203
"19/02/28","1,328.4","1,361.6","1,286.0","1,339.4","4.4","0.3","475,019,000",7203
"19/01/31","1,236.0","1,381.0","1,232.2","1,335.0","53.8","4.2","588,142,000",7203
"18/12/28","1,400.0","1,419.4","1,209.0","1,281.2","-79.4","-5.8","661,066,000",7203
"18/11/30","1,325.6","1,406.8","1,285.6","1,360.6","37.6","2.8","782,808,000",7203
"18/10/31","1,410.8","1,451.4","1,279.2","1,323.0","-96","-6.8","899,652,500",7203
"18/09/28","1,370.2","1,426.8","1,310.4","1,419.0","33","2.4","607,170,500",7203
"18/08/31","1,484.4","1,485.6","1,339.2","1,386.0","-75","-5.1","605,631,500",7203
"18/07/31","1,430.0","1,505.2","1,404.6","1,461.0","27","1.9","625,806,000",7203
"18/06/29","1,390.0","1,523.0","1,388.2","1,434.0","49.8","3.6","808,551,500",7203
"18/05/31","1,436.2","1,537.2","1,365.0","1,384.2","-52","-3.6","815,276,500",7203
"18/04/27","1,366.6","1,448.6","1,337.4","1,436.2","71.2","5.2","427,299,000",7203
"18/03/30","1,439.4","1,439.6","1,306.2","1,365.0","-82","-5.7","619,429,000",7203
"18/02/28","1,504.0","1,540.8","1,416.0","1,447.0","-49","-3.3","684,935,500",7203
"18/01/31","1,460.0","1,561.2","1,458.6","1,496.0","53.4","3.7","661,641,000",7203
"17/12/29","1,416.2","1,460.0","1,367.0","1,442.6","33.8","2.4","538,372,500",7203
"17/11/30","1,404.0","1,462.4","1,380.4","1,408.8","10.8","0.8","644,089,500",7203
"17/10/31","1,343.2","1,417.2","1,334.0","1,398.0","56","4.2","674,073,500",7203
"17/09/29","1,243.0","1,366.4","1,227.4","1,342.0","105.4","8.5","645,977,500",7203
"17/08/31","1,247.8","1,272.0","1,213.4","1,236.6","-10.2","-0.8","685,326,000",7203
"17/07/31","1,178.6","1,256.4","1,177.4","1,246.8","68.2","5.8","831,339,500",7203
"17/06/30","1,187.0","1,219.4","1,153.6","1,178.6","-7.8","-0.7","711,135,500",7203
"17/05/31","1,204.8","1,248.4","1,184.6","1,186.4","-20.6","-1.7","625,222,500",7203
"17/04/28","1,217.4","1,230.8","1,134.0","1,207.0","-1.4","-0.1","692,857,000",7203
"17/03/31","1,284.0","1,310.0","1,208.4","1,208.4","-64.6","-5.1","696,287,500",7203
"17/02/28","1,298.0","1,311.6","1,244.0","1,273.0","-43.8","-3.3","683,961,500",7203
"17/01/31","1,402.0","1,420.6","1,315.0","1,316.8","-58.8","-4.3","736,449,500",7203
"16/12/30","1,357.8","1,443.0","1,318.4","1,375.6","45.8","3.4","964,582,000",7203
"16/11/30","1,216.4","1,357.8","1,098.4","1,329.8","114","9.4","1,172,406,500",7203
"16/10/31","1,166.0","1,216.0","1,158.2","1,215.8","60","5.2","604,196,000",7203
"16/09/30","1,252.4","1,274.4","1,140.6","1,155.8","-91.8","-7.4","821,137,000",7203
"16/08/31","1,143.0","1,270.6","1,104.0","1,247.6","68.8","5.8","1,134,393,500",7203
"16/07/29","1,020.0","1,184.0","993.0","1,178.8","168.4","16.7","1,185,565,000",7203
"16/06/30","1,140.2","1,168.8","983.4","1,010.4","-146.2","-12.6","1,396,955,000",7203
"16/05/31","1,080.8","1,167.8","1,075.0","1,156.6","25.8","2.3","930,814,500",7203
"16/04/28","1,186.0","1,205.4","1,051.2","1,130.8","-59.6","-5","1,247,241,500",7203
"16/03/31","1,170.6","1,248.8","1,164.8","1,190.4","11","0.9","1,143,314,000",7203
"16/02/29","1,460.0","1,471.0","1,140.6","1,179.4","-260.6","-18.1","1,432,975,500",7203
"16/01/29","1,480.0","1,499.0","1,278.4","1,440.0","-57.6","-3.8","1,146,799,500",7203
"15/12/30","1,538.2","1,572.4","1,464.8","1,497.6","-33.8","-2.2","958,060,500",7203
"15/11/30","1,476.0","1,543.4","1,466.2","1,531.4","37.6","2.5","718,945,500",7203
"15/10/30","1,404.0","1,533.6","1,392.2","1,493.8","99.6","7.1","1,107,272,500",7203
"15/09/30","1,424.8","1,498.2","1,333.8","1,394.2","-44.2","-3.1","1,204,992,000",7203
"15/08/31","1,647.8","1,647.8","1,330.0","1,438.4","-212.2","-12.9","1,089,105,000",7203
"15/07/31","1,635.6","1,688.8","1,526.0","1,650.6","10","0.6","751,139,500",7203
"15/06/30","1,714.6","1,718.6","1,619.0","1,640.6","-80.2","-4.7","745,876,000",7203
"15/05/29","1,659.6","1,740.0","1,630.0","1,720.8","49.2","2.9","681,282,500",7203
"15/04/30","1,653.6","1,707.0","1,635.0","1,671.6","-5","-0.3","746,838,500",7203
"15/03/31","1,623.0","1,756.6","1,605.8","1,676.6","64","4","977,391,000",7203
"15/02/27","1,510.2","1,645.8","1,499.0","1,612.6","83.6","5.5","852,052,000",7203
"15/01/30","1,513.0","1,566.8","1,451.0","1,529.0","17.4","1.2","953,544,000",7203
"14/12/30","1,472.0","1,574.6","1,421.4","1,511.6","48.8","3.3","1,222,919,000",7203
"14/11/28","1,366.0","1,462.8","1,339.2","1,462.8","163.2","12.6","1,160,243,500",7203
"14/10/31","1,290.0","1,311.8","1,142.0","1,299.6","7","0.5","1,166,767,000",7203
"14/09/30","1,192.6","1,310.0","1,187.6","1,292.6","107","9","936,181,000",7203
"14/08/29","1,217.0","1,223.4","1,170.0","1,185.6","-41.8","-3.4","640,258,500",7203
"14/07/31","1,220.0","1,244.2","1,185.2","1,227.4","10.6","0.9","711,210,500",7203
"14/06/30","1,155.8","1,218.0","1,154.2","1,216.8","64.6","5.6","789,551,500",7203
"14/05/30","1,115.4","1,152.2","1,075.2","1,152.2","49","4.4","663,284,000",7203
"14/04/30","1,167.8","1,181.2","1,041.0","1,103.2","-62","-5.3","854,024,000",7203
"14/03/31","1,158.6","1,191.0","1,083.0","1,165.2","-2.6","-0.2","815,719,500",7203
"14/02/28","1,176.0","1,209.0","1,100.0","1,167.8","-16.6","-1.4","861,875,500",7203
"14/01/31","1,272.0","1,280.0","1,177.2","1,184.4","-99.6","-7.8","977,056,000",7203
"13/12/30","1,278.0","1,286.0","1,208.0","1,284.0","8","0.6","1,019,388,500",7203
"13/11/29","1,278.0","1,286.0","1,236.0","1,276.0","4","0.3","923,665,500",7203
"13/10/31","1,262.0","1,286.0","1,202.0","1,272.0","18","1.4","904,801,500",7203
"13/09/30","1,196.0","1,304.0","1,194.0","1,254.0","66","5.6","723,283,500",7203
"13/08/30","1,206.0","1,300.0","1,188.0","1,188.0","-6","-0.5","1,091,712,500",7203
"13/07/31","1,214.0","1,308.0","1,178.0","1,194.0","-4","-0.3","1,059,385,500",7203
"13/06/28","1,182.0","1,210.0","1,072.0","1,198.0","-4","-0.3","1,663,320,500",7203
"13/05/31","1,128.0","1,352.0","1,092.0","1,202.0","74","6.6","1,935,922,500",7203
"13/04/30","979.0","1,158.0","922.0","1,128.0","156","16","1,463,267,500",7203
"13/03/29","943.0","1,010.0","940.0","972.0","19","2","1,050,667,500",7203
"13/02/28","884.0","1,010.0","883.0","953.0","80","9.2","1,420,666,500",7203
"13/01/31","840.0","878.0","806.0","873.0","72","9","1,036,461,500",7203
"12/12/28","708.0","803.0","692.0","801.0","94","13.3","839,755,500",7203
"12/11/30","616.0","732.0","610.0","707.0","94","15.3","832,196,500",7203
"12/10/31","602.0","638.0","574.6","613.0","5","0.8","685,717,500",7203
"12/09/28","618.0","656.0","604.0","608.0","-11","-1.8","590,588,000",7203
"12/08/31","596.0","660.0","596.0","619.0","15","2.5","664,328,500",7203
"12/07/31","646.0","652.0","559.0","604.0","-34","-5.3","576,444,000",7203
"12/06/29","596.4","644","577","638","30","4.9","788,557,000",7203
"12/05/31","656","656","598","608","-53","-8","770,086,000",7203
"12/04/27","721","728","645","661","-53","-7.4","749,429,500",7203
"12/03/30","676","727","644","714","43","6.4","950,259,500",7203
"12/02/29","559","692","556.8","671","109","19.4","1,019,537,500",7203
"12/01/31","522.2","581.2","510.6","562","49","9.6","681,636,000",7203
"11/12/30","517","538","494.4","513","11.2","2.2","642,291,500",7203
"11/11/30","520.4","525","466","501.8","-27","-5.1","752,757,500",7203
"11/10/31","525.8","542","500","528.8","-8.8","-1.6","628,956,500",7203
"11/09/30","548","556","512.4","537.6","-9.2","-1.7","879,329,500",7203
"11/08/31","634","644","539.2","546.8","-84.2","-13.3","1,251,909,500",7203
"11/07/29","664","696","629","631","-29","-4.4","624,119,500",7203
"11/06/30","683","684","631","660","-20","-2.9","726,580,500",7203
"11/05/31","660","685","633","680","34","5.3","819,773,500",7203
"11/04/28","671","676","619","646","-24","-3.6","962,526,500",7203
"11/03/31","765","773","566","670","-94","-12.3","1,441,284,000",7203
"11/02/28","677","791","669","764","84","12.4","1,138,324,000",7203
"11/01/31","650","719","648","680","36","5.6","808,771,500",7203
"10/12/30","650","667","640","644","0","0","827,442,500",7203
"10/11/30","566.2","668","560","644","72.2","12.6","1,048,048,000",7203
"10/10/29","601","604","566","571.8","-27.8","-4.6","909,762,000",7203
"10/09/30","570","631","561.2","599.6","27.6","4.8","1,018,424,000",7203
"10/08/31","612","639","570","572","-38","-6.2","1,035,877,000",7203
"10/07/30","608","656","600","610","-6","-1","762,692,500",7203
"10/06/30","652","677","606","616","-40","-6.1","918,870,500",7203
"10/05/31","712","732","635","656","-77","-10.5","1,078,280,000",7203
"10/04/30","751","766","712","733","-16","-2.1","974,945,500",7203
"10/03/31","666","759","656","749","83","12.5","1,176,891,500",7203
"10/02/26","699","730","639","666","-32","-4.6","2,061,942,000",7203
"10/01/29","780","847","696","698","-78","-10.1","1,189,117,000",7203
"22/05/31","327","398","322","385","58","17.7","377,329,200",7211
"22/04/28","323","336","301","327","-4","-1.2","254,882,000",7211
"22/03/31","304","334","253","331","31","10.3","373,017,200",7211
"22/02/28","330","339","296","300","-25","-7.7","277,204,100",7211
"22/01/31","327","349","302","325","4","1.2","283,267,700",7211
"21/12/30","358","368","313","321","-45","-12.3","292,216,700",7211
"21/11/30","369","426","360","366","3","0.8","358,215,300",7211
"21/10/29","303","389","289","363","56","18.2","510,023,100",7211
"21/09/30","282","310","273","307","26","9.3","268,381,500",7211
"21/08/31","303","310","267","281","-25","-8.2","253,108,600",7211
"21/07/30","312","326","276","306","-6","-1.9","317,113,000",7211
"21/06/30","307","330","292","312","8","2.6","226,600,500",7211
"21/05/31","300","315","286","304","8","2.7","243,696,600",7211
"21/04/30","317","323","278","296","-19","-6","284,935,700",7211
"21/03/31","304","348","292","315","13","4.3","527,725,100",7211
"21/02/26","237","324","236","302","65","27.4","545,870,800",7211
"21/01/29","220","256","207","237","20","9.2","320,939,000",7211
"20/12/30","188","228","187","217","29","15.4","325,521,300",7211
"20/11/30","195","210","188","188","-2","-1.1","376,836,600",7211
"20/10/30","234","247","190","190","-41","-17.7","174,792,200",7211
"20/09/30","258","267","221","231","-24","-9.4","138,169,600",7211
"20/08/31","206","262","206","255","49","23.8","171,035,700",7211
"20/07/31","271","297","205","206","-60","-22.6","215,157,900",7211
"20/06/30","303","352","263","266","-38","-12.5","218,373,100",7211
"20/05/29","296","339","275","304","-1","-0.3","143,995,800",7211
"20/04/30","303","326","276","305","-1","-0.3","167,735,000",7211
"20/03/31","350","371","268","306","-53","-14.8","250,903,700",7211
"20/02/28","399","427","355","359","-54","-13.1","97,984,000",7211
"20/01/31","452","460","406","413","-45","-9.8","90,766,000",7211
"19/12/30","493","497","453","458","-32","-6.5","62,335,500",7211
"19/11/29","490","534","480","490","-8","-1.6","84,499,400",7211
"19/10/31","474","504","452","498","29","6.2","69,827,300",7211
"19/09/30","444","512","436","469","25","5.6","81,903,200",7211
"19/08/30","480","488","412","444","-38","-7.9","80,888,900",7211
"19/07/31","523","534","475","482","-34","-6.6","80,938,500",7211
"19/06/28","502","536","491","516","4","0.8","81,246,000",7211
"19/05/31","632","633","473","512","-111","-17.8","118,274,800",7211
"19/04/26","597","649","595","623","35","6","57,808,900",7211
"19/03/29","626","647","585","588","-37","-5.9","79,186,100",7211
"19/02/28","667","675","615","625","-48","-7.1","75,440,300",7211
"19/01/31","572","684","569","673","71","11.8","69,815,400",7211
"18/12/28","705","712","557","602","-94","-13.5","98,541,600",7211
"18/11/30","717","768","658","696","-15","-2.1","165,417,700",7211
"18/10/31","792","807","670","711","-91","-11.3","115,244,200",7211
"18/09/28","780","809","730","802","10","1.3","77,578,000",7211
"18/08/31","860","877","782","792","-58","-6.8","95,942,300",7211
"18/07/31","874","934","829","850","-33","-3.7","146,814,100",7211
"18/06/29","824","894","820","883","59","7.2","105,295,400",7211
"18/05/31","815","903","783","824","8","1","135,006,500",7211
"18/04/27","761","826","750","816","55","7.2","120,354,600",7211
"18/03/30","838","844","733","761","-88","-10.4","162,228,900",7211
"18/02/28","815","868","801","849","40","4.9","168,937,800",7211
"18/01/31","825","904","809","809","-5","-0.6","134,773,400",7211
"17/12/29","797","827","790","814","29","3.7","104,687,800",7211
"17/11/30","906","918","784","785","-116","-12.9","144,411,700",7211
"17/10/31","885","942","884","901","11","1.2","138,135,200",7211
"17/09/29","812","922","774","890","78","9.6","140,187,500",7211
"17/08/31","798","817","770","812","14","1.8","111,694,300",7211
"17/07/31","738","844","733","798","58","7.8","166,772,700",7211
"17/06/30","718","757","711","740","22","3.1","137,667,000",7211
"17/05/31","706","781","706","718","5","0.7","193,202,500",7211
"17/04/28","667","715","620","713","44","6.6","201,973,300",7211
"17/03/31","730","740","668","669","-58","-8","186,052,600",7211
"17/02/28","650","754","648","727","114","18.6","400,047,000",7211
"17/01/31","680","720","612","613","-53","-8","259,330,700",7211
"16/12/30","539","696","533","666","137","25.9","408,776,100",7211
"16/11/30","582","584","499","529","-56","-9.6","256,969,400",7211
"16/10/31","474","603","465","585","116","24.7","369,437,800",7211
"16/09/30","473","505","457","469","-4","-0.8","114,934,100",7211
"16/08/31","472","489","450","473","-9","-1.9","115,549,300",7211
"16/07/29","472","521","436","482","13","2.8","155,761,100",7211
"16/06/30","576","582","462","469","-110","-19","236,168,200",7211
"16/05/31","459","612","453","579","130","29","575,577,900",7211
"16/04/28","836","880","412","449","-394","-46.7","837,683,500",7211
"16/03/31","798","874","785","843","39","4.9","75,749,200",7211
"16/02/29","986","987","773","804","-158","-16.4","117,010,100",7211
"16/01/29","1,033","1,043","882","962","-68","-6.6","83,711,200",7211
"15/12/30","1,090","1,132","1,006","1,030","-66","-6","77,741,900",7211
"15/11/30","1,060","1,119","1,030","1,096","16","1.5","82,794,500",7211
"15/10/30","913","1,103","903","1,080","168","18.4","124,635,600",7211
"15/09/30","930","990","882","912","-19","-2","90,204,500",7211
"15/08/31","1,050","1,102","871","931","-124","-11.8","130,824,300",7211
"15/07/31","1,040","1,124","970","1,055","13","1.2","100,012,000",7211
"15/06/30","1,149","1,166","1,026","1,042","-115","-9.9","90,973,200",7211
"15/05/29","1,102","1,168","1,094","1,157","50","4.5","70,184,400",7211
"15/04/30","1,073","1,152","1,052","1,107","22","2","107,521,900",7211
"15/03/31","1,062","1,129","1,061","1,085","26","2.5","100,706,600",7211
"15/02/27","1,002","1,100","1,001","1,059","55","5.5","101,487,000",7211
"15/01/30","1,101","1,123","1,003","1,004","-106","-9.5","101,130,100",7211
"14/12/30","1,225","1,254","1,057","1,110","-110","-9","102,206,600",7211
"14/11/28","1,190","1,248","1,147","1,220","87","7.7","94,825,900",7211
"14/10/31","1,310","1,314","1,073","1,133","-198","-14.9","138,255,700",7211
"14/09/30","1,187","1,353","1,174","1,331","148","12.5","112,106,100",7211
"14/08/29","1,168","1,204","1,098","1,183","-2","-0.2","89,464,000",7211
"14/07/31","1,118","1,200","1,100","1,185","67","6","96,415,500",7211
"14/06/30","1,042","1,137","1,042","1,118","82","7.9","88,280,400",7211
"14/05/30","1,097","1,118","1,002","1,036","-70","-6.3","79,593,700",7211
"14/04/30","1,088","1,145","1,026","1,106","26","2.4","102,261,500",7211
"14/03/31","1,111","1,173","1,015","1,080","-46","-4.1","130,664,600",7211
"14/02/28","1,105","1,135","1,028","1,126","10","0.9","145,032,800",7211
"14/01/31","1,128","1,291","1,063","1,116","-13","-1.2","361,221,400",7211
"13/12/30","1,113","1,135","1,033","1,129","19","1.7","68,429,400",7211
"13/11/29","1,102","1,177","1,061","1,110","12","1.1","100,379,300",7211
"13/10/31","1,095","1,185","1,000","1,098","14","1.3","96,295,700",7211
"13/09/30","1,035","1,142","997","1,084","49","4.7","98,244,600",7211
"13/08/30","1,283","1,344","1,030","1,035","-259","-20","96,483,200",7211
"13/07/31","1,360","1,680","1,275","1,294","-66","-4.9","259,756,600",7211
"13/06/28","1,560","1,570","1,240","1,360","-230","-14.5","218,870,500",7211
"13/05/31","1,150","2,260","1,110","1,590","440","38.3","557,143,680",7211
"13/04/30","980","1,290","910","1,150","170","17.3","146,826,800",7211
"13/03/29","1,000","1,170","960","980","-40","-3.9","62,857,600",7211
"13/02/28","950","1,280","950","1,020","70","7.4","121,124,700",7211
"13/01/31","940","950","890","950","60","6.7","41,393,400",7211
"12/12/28","770","920","760","890","120","15.6","47,251,500",7211
"12/11/30","700","780","680","770","80","11.6","22,583,100",7211
"12/10/31","710","720","660","690","-30","-4.2","18,207,300",7211
"12/09/28","720","750","680","720","-10","-1.4","11,875,600",7211
"12/08/31","740","780","720","730","-20","-2.7","10,089,300",7211
"12/07/31","800","820","660","750","-50","-6.2","14,863,100",7211
"12/06/29","760","810","730","800","30","3.9","18,046,000",7211
"12/05/31","910","910","720","770","-130","-14.4","27,598,300",7211
"12/04/27","950","960","890","900","-40","-4.3","16,461,800",7211
"12/03/30","970","980","920","940","-30","-3.1","19,532,500",7211
"12/02/29","930","1,010","920","970","50","5.4","32,389,100",7211
"12/01/31","910","970","890","920","10","1.1","16,893,900",7211
"11/12/30","940","960","890","910","-10","-1.1","11,622,200",7211
"11/11/30","1,030","1,040","880","920","-130","-12.4","17,574,000",7211
"11/10/31","1,020","1,070","990","1,050","20","1.9","18,445,000",7211
"11/09/30","990","1,060","960","1,030","50","5.1","16,418,900",7211
"11/08/31","1,010","1,040","910","980","-30","-3","25,710,600",7211
"11/07/29","980","1,070","980","1,010","30","3.1","21,768,600",7211
"11/06/30","960","990","930","980","20","2.1","21,259,600",7211
"11/05/31","1,000","1,010","930","960","-30","-3","14,094,600",7211
"11/04/28","1,030","1,050","950","990","-30","-2.9","17,140,500",7211
"11/03/31","1,160","1,180","820","1,020","-140","-12.1","31,196,400",7211
"11/02/28","1,150","1,220","1,130","1,160","20","1.8","22,609,300",7211
"11/01/31","1,200","1,240","1,130","1,140","-40","-3.4","24,298,300",7211
"10/12/30","1,130","1,290","1,130","1,180","50","4.4","31,960,000",7211
"10/11/30","960","1,200","930","1,130","170","17.7","29,168,800",7211
"10/10/29","1,090","1,100","930","960","-130","-11.9","26,529,100",7211
"10/09/30","1,060","1,120","1,060","1,090","20","1.9","16,261,700",7211
"10/08/31","1,130","1,150","1,050","1,070","-60","-5.3","19,372,300",7211
"10/07/30","1,120","1,180","1,110","1,130","0","0","17,701,000",7211
"10/06/30","1,160","1,190","1,120","1,130","-30","-2.6","20,012,500",7211
"10/05/31","1,270","1,280","1,130","1,160","-130","-10.1","27,181,600",7211
"10/04/30","1,280","1,340","1,260","1,290","20","1.6","28,818,300",7211
"10/03/31","1,270","1,330","1,150","1,270","0","0","41,128,700",7211
"10/02/26","1,260","1,300","1,200","1,270","20","1.6","25,306,600",7211
"10/01/29","1,280","1,450","1,240","1,250","-30","-2.3","42,007,700",7211
"22/05/31","925","1,137","923","1,089","160","17.2","128,965,700",7261
"22/04/28","895","959","843","929","20","2.2","87,822,900",7261
"22/03/31","857","929","715","909","53","6.2","150,030,200",7261
"22/02/28","888","938","851","856","-28","-3.2","91,588,700",7261
"22/01/31","915","1,025","864","884","-1","-0.1","102,047,500",7261
"21/12/30","924","953","873","885","-33","-3.6","95,866,000",7261
"21/11/30","1,044","1,096","916","918","-101","-9.9","87,591,200",7261
"21/10/29","957","1,090","887","1,019","43","4.4","90,516,200",7261
"21/09/30","963","1,013","920","976","21","2.2","81,089,800",7261
"21/08/31","1,031","1,046","900","955","-117","-10.9","92,686,200",7261
"21/07/30","1,053","1,116","978","1,072","28","2.7","85,891,200",7261
"21/06/30","943","1,078","925","1,044","109","11.7","93,520,600",7261
"21/05/31","860","970","817","935","89","10.5","81,014,200",7261
"21/04/30","916","920","813","846","-56","-6.2","77,673,700",7261
"21/03/31","849","953","839","902","63","7.5","109,837,100",7261
"21/02/26","753","1,000","750","839","95","12.8","133,259,400",7261
"21/01/29","693","800","663","744","52","7.5","103,189,500",7261
"20/12/30","627","712","623","692","75","12.2","101,219,300",7261
"20/11/30","556","704","556","617","71","13","145,786,000",7261
"20/10/30","621","637","544","546","-65","-10.6","107,155,200",7261
"20/09/30","679","703","601","611","-69","-10.1","102,396,200",7261
"20/08/31","596","698","565","680","89","15.1","142,208,900",7261
"20/07/31","649","744","588","591","-55","-8.5","139,532,500",7261
"20/06/30","681","848","612","646","-43","-6.2","203,964,800",7261
"20/05/29","595","758","546","689","77","12.6","140,514,400",7261
"20/04/30","562","617","505","612","40","7","147,328,400",7261
"20/03/31","735","776","543","572","-178","-23.7","168,647,400",7261
"20/02/28","910","957","744","750","-184","-19.7","81,713,500",7261
"20/01/31","925","1,030","913","934","-4","-0.4","77,002,800",7261
"19/12/30","975","988","922","938","-32","-3.3","61,564,600",7261
"19/11/29","975","1,059","943","970","-35","-3.5","58,877,600",7261
"19/10/31","965","1,038","917","1,005","45","4.7","77,188,400",7261
"19/09/30","890","1,026","864","959","67","7.5","96,619,700",7261
"19/08/30","1,057","1,082","855","892","-186","-17.3","114,734,900",7261
"19/07/31","1,145","1,151","1,074","1,079","-45","-4","58,446,300",7261
"19/06/28","1,050","1,150","1,040","1,124","63","5.9","76,687,500",7261
"19/05/31","1,304","1,322","1,044","1,061","-254","-19.3","84,322,500",7261
"19/04/26","1,256","1,370","1,243","1,315","77","6.2","62,189,500",7261
"19/03/29","1,313","1,329","1,212","1,238","-69","-5.3","63,383,800",7261
"19/02/28","1,202","1,329","1,194","1,307","108","9","74,525,500",7261
"19/01/31","1,099","1,232","1,084","1,199","64","5.6","72,582,100",7261
"18/12/28","1,225","1,266","1,069","1,135","-75","-6.2","96,244,700",7261
"18/11/30","1,203","1,248","1,147","1,210","-14","-1.1","102,002,300",7261
"18/10/31","1,363","1,376","1,182","1,224","-140","-10.3","102,205,200",7261
"18/09/28","1,282","1,382","1,225","1,364","75","5.8","81,805,700",7261
"18/08/31","1,386","1,396","1,260","1,288","-101","-7.3","98,447,900",7261
"18/07/31","1,348","1,410","1,302","1,390","30","2.2","80,068,000",7261
"18/06/29","1,385","1,444","1,338","1,360","-10","-0.7","87,672,700",7261
"18/05/31","1,465","1,499","1,351","1,370","-151","-9.9","101,189,100",7261
"18/04/27","1,401","1,542","1,382","1,521","115","8.2","87,196,800",7261
"18/03/30","1,480","1,481","1,360","1,406","-90","-6","113,742,900",7261
"18/02/28","1,534","1,560","1,456","1,496","-33","-2.2","127,777,500",7261
"18/01/31","1,530","1,612","1,529","1,529","18","1.2","93,936,400",7261
"17/12/29","1,506","1,539","1,467","1,511","8","0.5","94,286,500",7261
"17/11/30","1,639","1,657","1,463","1,503","-119","-7.3","136,751,700",7261
"17/10/31","1,719","1,783","1,583","1,622","-103","-6","127,590,000",7261
"17/09/29","1,625","1,758","1,540","1,725","106","6.5","101,876,200",7261
"17/08/31","1,666","1,738","1,581","1,619","-45","-2.7","121,026,500",7261
"17/07/31","1,573","1,681","1,558","1,664","96","6.1","114,751,800",7261
"17/06/30","1,504","1,569","1,488","1,568","58","3.8","120,763,800",7261
"17/05/31","1,583","1,643","1,495","1,510","-124","-7.6","108,834,700",7261
"17/04/28","1,603","1,661","1,439","1,634","31","1.9","133,953,900",7261
"17/03/31","1,601","1,690","1,545","1,603","27","1.7","131,363,300",7261
"17/02/28","1,629","1,656","1,514","1,576","-92","-5.5","131,400,600",7261
"17/01/31","1,938","1,978","1,630","1,668","-244","-12.8","130,034,600",7261
"16/12/30","1,935","2,066","1,830","1,912","78","4.3","146,255,500",7261
"16/11/30","1,722","1,924","1,455","1,834","106","6.1","196,864,100",7261
"16/10/31","1,551","1,737","1,537","1,727","196","12.8","94,947,200",7261
"16/09/30","1,706","1,767","1,501","1,531","-174","-10.2","114,321,000",7261
"16/08/31","1,508","1,721","1,438","1,705","158","10.2","146,693,200",7261
"16/07/29","1,355","1,622","1,208","1,547","188","13.8","220,308,600",7261
"16/06/30","1,900","1,919","1,310","1,359","-552","-28.9","196,269,900",7261
"16/05/31","1,632","1,912","1,630","1,911","166","9.5","128,054,300",7261
"16/04/28","1,741","1,907","1,424","1,744","-2","-0.1","224,757,100",7261
"16/03/31","1,550","1,783","1,517","1,746","173","11","183,345,400",7261
"16/02/29","2,262","2,271","1,477","1,573","-575","-26.8","230,419,600",7261
"16/01/29","2,491","2,527","1,878","2,148","-375","-14.9","185,262,900",7261
"15/12/30","2,587","2,650","2,420","2,524","-33","-1.3","129,879,500",7261
"15/11/30","2,400","2,593","2,376","2,557","153","6.4","128,617,600",7261
"15/10/30","1,918","2,428","1,913","2,404","524","27.9","193,924,600",7261
"15/09/30","2,069","2,080","1,759","1,880","-210","-10","172,953,600",7261
"15/08/31","2,417","2,490","1,881","2,090","-345","-14.2","139,812,000",7261
"15/07/31","2,407","2,491","2,236","2,435","37","1.5","147,016,200",7261
"15/06/30","2,655","2,749","2,347","2,398","-277","-10.4","163,992,800",7261
"15/05/29","2,346","2,718","2,333","2,675","321","13.6","134,710,800",7261
"15/04/30","2,404","2,512","2,292","2,353","-85","-3.5","169,361,300",7261
"15/03/31","2,569","2,574","2,353","2,439","-117","-4.6","145,677,300",7261
"15/02/27","2,436","2,599","2,285","2,556","108","4.4","164,599,600",7261
"15/01/30","2,909","2,910","2,420","2,447","-480","-16.4","196,699,000",7261
"14/12/30","3,100","3,271","2,766","2,927","-138","-4.5","165,341,200",7261
"14/11/28","2,799","3,111","2,650","3,065","519","20.4","186,648,800",7261
"14/10/31","2,750","2,764","2,170","2,546","-203","-7.4","180,812,600",7261
"14/09/30","2,461","2,799","2,443","2,749","295","12","128,336,500",7261
"14/08/29","2,525","2,589","2,338","2,454","-47","-1.9","112,637,900",7261
"14/07/31","2,370","2,540","2,351","2,501","126","5.3","138,190,600",7261
"14/06/30","2,215","2,490","2,210","2,375","175","8","141,787,400",7261
"14/05/30","2,300","2,345","2,025","2,200","-85","-3.7","122,831,200",7261
"14/04/30","2,320","2,445","2,155","2,285","-5","-0.2","169,275,000",7261
"14/03/31","2,375","2,500","2,050","2,290","-155","-6.3","182,408,400",7261
"14/02/28","2,455","2,590","2,200","2,445","-60","-2.4","243,868,400",7261
"14/01/31","2,685","2,845","2,475","2,505","-215","-7.9","284,304,800",7261
"13/12/30","2,370","2,755","2,310","2,720","365","15.5","328,655,600",7261
"13/11/29","2,215","2,390","2,080","2,355","155","7","204,101,400",7261
"13/10/31","2,200","2,300","1,960","2,200","15","0.7","225,153,600",7261
"13/09/30","1,975","2,235","1,965","2,185","210","10.6","155,105,400",7261
"13/08/30","2,025","2,215","1,910","1,975","-75","-3.7","271,115,800",7261
"13/07/31","1,995","2,265","1,985","2,050","95","4.9","353,291,400",7261
"13/06/28","1,975","1,985","1,630","1,955","-65","-3.2","478,469,000",7261
"13/05/31","1,650","2,360","1,600","2,020","350","21","645,022,600",7261
"13/04/30","1,410","1,770","1,265","1,670","265","18.9","467,611,800",7261
"13/03/29","1,380","1,625","1,355","1,405","10","0.7","397,864,600",7261
"13/02/28","1,255","1,670","1,250","1,395","165","13.4","976,800,960",7261
"13/01/31","920","1,250","810","1,230","360","41.4","580,545,000",7261
"12/12/28","650","880","635","870","220","33.8","199,775,000",7261
"12/11/30","505","670","495","650","175","36.8","185,330,000",7261
"12/10/31","455","515","430","475","20","4.4","93,344,200",7261
"12/09/28","465","520","440","455","-15","-3.2","70,808,200",7261
"12/08/31","475","495","445","470","-5","-1.1","81,119,400",7261
"12/07/31","540","545","425","475","-60","-11.2","91,090,000",7261
"12/06/29","485","545","440","535","35","7","132,164,000",7261
"12/05/31","645","645","480","500","-155","-23.7","153,249,000",7261
"12/04/27","730","745","635","655","-70","-9.7","154,820,200",7261
"12/03/30","665","740","625","725","55","8.2","505,971,200",7261
"12/02/29","630","850","615","670","40","6.3","203,165,200",7261
"12/01/31","690","710","585","630","-50","-7.4","64,148,400",7261
"11/12/30","715","735","645","680","-5","-0.7","41,208,600",7261
"11/11/30","840","860","630","685","-160","-18.9","58,282,000",7261
"11/10/31","765","860","705","845","55","7","48,670,400",7261
"11/09/30","825","840","700","790","-25","-3.1","70,055,000",7261
"11/08/31","1,050","1,075","755","815","-250","-23.5","104,378,200",7261
"11/07/29","1,080","1,115","1,035","1,065","10","0.9","60,991,800",7261
"11/06/30","1,040","1,060","940","1,055","30","2.9","67,878,200",7261
"11/05/31","910","1,040","905","1,025","100","10.8","95,424,000",7261
"11/04/28","905","960","850","925","10","1.1","82,973,200",7261
"11/03/31","1,055","1,070","665","915","-135","-12.9","119,673,600",7261
"11/02/28","1,210","1,225","1,015","1,050","-160","-13.2","108,683,000",7261
"11/01/31","1,175","1,310","1,175","1,210","45","3.9","57,756,000",7261
"10/12/30","1,150","1,245","1,145","1,165","0","0","56,034,400",7261
"10/11/30","1,020","1,200","990","1,165","140","13.7","74,435,400",7261
"10/10/29","1,015","1,115","990","1,025","20","2","87,662,400",7261
"10/09/30","925","1,055","900","1,005","65","6.9","70,401,400",7261
"10/08/31","1,030","1,065","920","940","-105","-10","59,388,200",7261
"10/07/30","1,030","1,100","980","1,045","-5","-0.5","62,065,600",7261
"10/06/30","1,185","1,205","1,010","1,050","-135","-11.4","72,651,400",7261
"10/05/31","1,360","1,370","1,085","1,185","-215","-15.4","86,192,800",7261
"10/04/30","1,335","1,440","1,265","1,400","85","6.5","85,295,800",7261
"10/03/31","1,160","1,325","1,115","1,315","145","12.4","70,075,800",7261
"10/02/26","1,230","1,275","1,070","1,170","-55","-4.5","86,287,400",7261
"10/01/29","1,075","1,265","1,060","1,225","165","15.6","135,008,200",7261
"22/05/31","3,430.0","3,485.0","3,101.0","3,187.0","-232","-6.8","97,615,400",7267
"22/04/28","3,448.0","3,475.0","3,167.0","3,419.0","-68","-2","83,751,700",7267
"22/03/31","3,569.0","3,583.0","3,043.0","3,487.0","-38","-1.1","114,523,900",7267
"22/02/28","3,330.0","3,724.0","3,294.0","3,525.0","171","5.1","74,670,300",7267
"22/01/31","3,283.0","3,569.0","3,272.0","3,354.0","124","3.8","80,987,400",7267
"21/12/30","3,110.0","3,272.0","3,085.0","3,230.0","129","4.2","79,769,700",7267
"21/11/30","3,400.0","3,524.0","3,099.0","3,101.0","-248","-7.4","97,164,200",7267
"21/10/29","3,438.0","3,539.0","3,286.0","3,349.0","-106","-3.1","83,974,300",7267
"21/09/30","3,386.0","3,572.0","3,285.0","3,455.0","113","3.4","85,320,100",7267
"21/08/31","3,543.0","3,677.0","3,212.0","3,342.0","-151","-4.3","67,571,200",7267
"21/07/30","3,564.0","3,613.0","3,371.0","3,493.0","-57","-1.6","61,687,500",7267
"21/06/30","3,363.0","3,663.0","3,322.0","3,550.0","197","5.9","84,197,100",7267
"21/05/31","3,310.0","3,478.0","3,207.0","3,353.0","121","3.7","91,757,300",7267
"21/04/30","3,389.0","3,390.0","3,165.0","3,232.0","-87","-2.6","81,043,400",7267
"21/03/31","2,971.0","3,475.0","2,960.0","3,319.0","407.5","14","132,415,200",7267
"21/02/26","2,781.0","3,176.0","2,760.5","2,911.5","147","5.3","101,422,900",7267
"21/01/29","2,906.5","2,951.5","2,743.0","2,764.5","-113","-3.9","95,703,300",7267
"20/12/30","2,906.0","3,167.0","2,862.5","2,877.5","6","0.2","93,509,300",7267
"20/11/30","2,450.0","3,162.0","2,450.0","2,871.5","436.5","17.9","126,059,800",7267
"20/10/30","2,500.0","2,639.0","2,423.5","2,435.0","-38.5","-1.6","75,892,300",7267
"20/09/30","2,704.5","2,801.0","2,412.0","2,473.5","-255.5","-9.4","123,228,200",7267
"20/08/31","2,584.5","2,828.0","2,545.5","2,729.0","205","8.1","89,681,700",7267
"20/07/31","2,755.0","2,871.0","2,522.0","2,524.0","-231.5","-8.4","76,457,400",7267
"20/06/30","2,800.0","3,093.0","2,701.0","2,755.5","-28.5","-1","108,717,200",7267
"20/05/29","2,543.5","2,920.0","2,380.5","2,784.0","173.5","6.6","91,884,800",7267
"20/04/30","2,396.0","2,645.0","2,135.5","2,610.5","180.5","7.4","110,361,500",7267
"20/03/31","2,725.0","2,849.5","2,120.0","2,430.0","-369.5","-13.2","176,445,900",7267
"20/02/28","2,782.5","3,088.0","2,759.0","2,799.5","-31.5","-1.1","105,374,200",7267
"20/01/31","3,067.0","3,102.0","2,829.0","2,831.0","-268","-8.6","72,555,900",7267
"19/12/30","3,100.0","3,259.0","3,047.0","3,099.0","32","1","64,372,900",7267
"19/11/29","2,908.5","3,230.0","2,908.0","3,067.0","125","4.2","70,652,200",7267
"19/10/31","2,813.0","3,027.0","2,674.5","2,942.0","143.5","5.1","89,723,900",7267
"19/09/30","2,519.0","2,960.0","2,515.0","2,798.5","275","10.9","101,513,100",7267
"19/08/30","2,699.0","2,737.5","2,412.0","2,523.5","-187","-6.9","84,371,900",7267
"19/07/31","2,800.5","2,872.5","2,707.0","2,710.5","-74.5","-2.7","72,345,000",7267
"19/06/28","2,615.5","2,830.5","2,610.0","2,785.0","134","5.1","69,848,200",7267
"19/05/31","3,094.0","3,095.0","2,650.0","2,651.0","-450","-14.5","81,310,900",7267
"19/04/26","3,040.0","3,225.0","3,040.0","3,101.0","106","3.5","62,674,400",7267
"19/03/29","3,160.0","3,168.0","2,940.5","2,995.0","-158","-5","79,008,800",7267
"19/02/28","3,247.0","3,263.0","2,916.5","3,153.0","-96","-3","87,208,800",7267
"19/01/31","2,800.0","3,290.0","2,792.0","3,249.0","354.5","12.2","74,625,800",7267
"18/12/28","3,250.0","3,300.0","2,733.0","2,894.5","-307.5","-9.6","92,821,200",7267
"18/11/30","3,241.0","3,323.0","3,101.0","3,202.0","-39","-1.2","83,964,200",7267
"18/10/31","3,400.0","3,502.0","2,916.0","3,241.0","-198","-5.8","129,912,800",7267
"18/09/28","3,278.0","3,519.0","3,107.0","3,439.0","147","4.5","87,646,200",7267
"18/08/31","3,495.0","3,495.0","3,239.0","3,292.0","-63","-1.9","76,194,300",7267
"18/07/31","3,227.0","3,404.0","3,171.0","3,355.0","102","3.1","86,621,300",7267
"18/06/29","3,471.0","3,619.0","3,201.0","3,253.0","-194","-5.6","92,466,200",7267
"18/05/31","3,800.0","3,802.0","3,405.0","3,447.0","-320","-8.5","91,775,000",7267
"18/04/27","3,660.0","3,836.0","3,581.0","3,767.0","107","2.9","75,833,000",7267
"18/03/30","3,852.0","3,861.0","3,427.0","3,660.0","-225","-5.8","108,890,300",7267
"18/02/28","3,850.0","4,030.0","3,653.0","3,885.0","59","1.5","115,755,200",7267
"18/01/31","3,925.0","4,151.0","3,817.0","3,826.0","-36","-0.9","74,591,700",7267
"17/12/29","3,753.0","3,936.0","3,705.0","3,862.0","118","3.2","83,778,400",7267
"17/11/30","3,542.0","3,863.0","3,537.0","3,744.0","221","6.3","118,679,700",7267
"17/10/31","3,341.0","3,553.0","3,327.0","3,523.0","191","5.7","84,512,500",7267
"17/09/29","3,100.0","3,379.0","3,021.0","3,332.0","251","8.1","92,936,200",7267
"17/08/31","3,103.0","3,284.0","3,000.0","3,081.0","-27","-0.9","91,753,000",7267
"17/07/31","3,068.0","3,162.0","3,038.0","3,108.0","44","1.4","80,266,700",7267
"17/06/30","3,100.0","3,198.0","3,045.0","3,064.0","-53","-1.7","104,366,800",7267
"17/05/31","3,232.0","3,275.0","3,046.0","3,117.0","-115","-3.6","129,714,300",7267
"17/04/28","3,378.0","3,383.0","3,047.0","3,232.0","-119","-3.6","90,972,000",7267
"17/03/31","3,500.0","3,602.0","3,351.0","3,351.0","-138","-4","90,020,600",7267
"17/02/28","3,305.0","3,675.0","3,292.0","3,489.0","102","3","88,890,500",7267
"17/01/31","3,504.0","3,604.0","3,318.0","3,387.0","-28","-0.8","90,620,700",7267
"16/12/30","3,450.0","3,579.0","3,288.0","3,415.0","83","2.5","102,141,600",7267
"16/11/30","3,175.0","3,412.0","2,693.5","3,332.0","188","6","118,104,500",7267
"16/10/31","2,933.0","3,161.0","2,908.5","3,144.0","256.5","8.9","77,733,200",7267
"16/09/30","3,191.0","3,224.0","2,862.0","2,887.5","-282.5","-8.9","86,929,400",7267
"16/08/31","2,757.0","3,211.0","2,751.0","3,170.0","328.5","11.6","111,890,100",7267
"16/07/29","2,586.5","2,937.5","2,417.0","2,841.5","269","10.5","101,104,900",7267
"16/06/30","3,129.0","3,134.0","2,459.0","2,572.5","-578.5","-18.4","113,040,100",7267
"16/05/31","2,843.0","3,161.0","2,812.0","3,151.0","158.5","5.3","88,786,300",7267
"16/04/28","3,080.0","3,200.0","2,769.0","2,992.5","-93.5","-3","114,564,700",7267
"16/03/31","2,900.0","3,221.0","2,861.5","3,086.0","199","6.9","115,337,500",7267
"16/02/29","3,340.0","3,443.0","2,726.0","2,887.0","-454","-13.6","139,918,100",7267
"16/01/29","3,821.0","3,846.0","3,161.0","3,341.0","-569","-14.6","129,435,000",7267
"15/12/30","4,050.0","4,123.0","3,773.0","3,910.0","-92","-2.3","81,338,600",7267
"15/11/30","3,974.0","4,116.0","3,911.0","4,002.0","-42","-1","69,341,800",7267
"15/10/30","3,555.0","4,142.0","3,512.0","4,044.0","505","14.3","93,317,500",7267
"15/09/30","3,800.0","3,973.0","3,452.0","3,539.0","-285","-7.5","99,579,100",7267
"15/08/31","4,285.0","4,499.0","3,514.5","3,824.0","-155.5","-3.9","124,181,900",7267
"15/07/31","3,960.0","4,049.5","3,695.0","3,979.5","18","0.5","83,485,300",7267
"15/06/30","4,272.0","4,292.5","3,918.5","3,961.5","-299.5","-7","95,470,600",7267
"15/05/29","4,100.0","4,324.5","4,030.0","4,261.0","219.5","5.4","74,930,200",7267
"15/04/30","3,892.0","4,400.0","3,855.0","4,041.5","138.5","3.5","108,163,900",7267
"15/03/31","3,998.0","4,170.0","3,903.0","3,903.0","-46.5","-1.2","103,990,700",7267
"15/02/27","3,544.0","4,000.0","3,504.5","3,949.5","368.5","10.3","116,383,100",7267
"15/01/30","3,529.0","3,712.0","3,420.0","3,581.0","55","1.6","112,052,700",7267
"14/12/30","3,598.0","3,768.0","3,382.5","3,526.0","-45.5","-1.3","140,413,800",7267
"14/11/28","3,729.0","3,751.5","3,465.0","3,571.5","92.5","2.7","161,190,200",7267
"14/10/31","3,777.0","3,788.0","3,239.0","3,479.0","-321","-8.4","144,332,400",7267
"14/09/30","3,529.0","3,830.0","3,461.0","3,800.0","287","8.2","107,413,400",7267
"14/08/29","3,602.0","3,618.0","3,387.5","3,513.0","-141","-3.9","90,805,600",7267
"14/07/31","3,537.0","3,698.0","3,512.0","3,654.0","117","3.3","110,931,700",7267
"14/06/30","3,589.0","3,649.0","3,496.0","3,537.0","-26","-0.7","102,827,500",7267
"14/05/30","3,400.0","3,608.0","3,292.0","3,563.0","183","5.4","108,279,000",7267
"14/04/30","3,660.0","3,726.0","3,292.0","3,380.0","-254","-7","128,235,200",7267
"14/03/31","3,607.0","3,848.0","3,431.0","3,634.0","-13","-0.4","124,453,400",7267
"14/02/28","3,860.0","3,923.0","3,560.0","3,647.0","-246","-6.3","118,597,800",7267
"14/01/31","4,300.0","4,320.0","3,858.0","3,893.0","-437","-10.1","117,329,300",7267
"13/12/30","4,330.0","4,340.0","4,055.0","4,330.0","0","0","121,744,500",7267
"13/11/29","3,965.0","4,385.0","3,840.0","4,330.0","415","10.6","131,185,800",7267
"13/10/31","3,740.0","3,990.0","3,680.0","3,915.0","180","4.8","115,132,900",7267
"13/09/30","3,545.0","3,945.0","3,545.0","3,735.0","190","5.4","98,223,800",7267
"13/08/30","3,545.0","3,865.0","3,490.0","3,545.0","-85","-2.3","113,081,000",7267
"13/07/31","3,740.0","3,940.0","3,625.0","3,630.0","-55","-1.5","111,035,800",7267
"13/06/28","3,845.0","3,845.0","3,360.0","3,685.0","-145","-3.8","148,087,800",7267
"13/05/31","3,890.0","4,405.0","3,800.0","3,830.0","-45","-1.2","163,913,500",7267
"13/04/30","3,550.0","4,060.0","3,350.0","3,875.0","320","9","167,911,100",7267
"13/03/29","3,440.0","3,830.0","3,425.0","3,555.0","100","2.9","130,577,500",7267
"13/02/28","3,540.0","3,620.0","3,330.0","3,455.0","-50","-1.4","135,475,300",7267
"13/01/31","3,330.0","3,510.0","3,100.0","3,505.0","360","11.4","145,737,300",7267
"12/12/28","2,750.0","3,185.0","2,675.0","3,145.0","413","15.1","146,021,400",7267
"12/11/30","2,400.0","2,828.0","2,342.0","2,732.0","342","14.3","144,010,600",7267
"12/10/31","2,395.0","2,650.0","2,294.0","2,390.0","-7","-0.3","129,319,200",7267
"12/09/28","2,472.0","2,690.0","2,392.0","2,397.0","-75","-3","108,746,200",7267
"12/08/31","2,401.0","2,693.0","2,375.0","2,472.0","-79","-3.1","119,552,300",7267
"12/07/31","2,799.0","2,799.0","2,339.0","2,551.0","-198","-7.2","85,091,800",7267
"12/06/29","2,481.0","2,765.0","2,354.0","2,749.0","237","9.4","109,591,000",7267
"12/05/31","2,895.0","2,900.0","2,486.0","2,512.0","-384","-13.3","124,281,700",7267
"12/04/27","3,230.0","3,250.0","2,805.0","2,896.0","-249","-7.9","124,977,200",7267
"12/03/30","3,115.0","3,300.0","2,920.0","3,145.0","50","1.6","127,987,000",7267
"12/02/29","2,632.0","3,195.0","2,591.0","3,095.0","429","16.1","129,457,600",7267
"12/01/31","2,399.0","2,797.0","2,393.0","2,666.0","318","13.5","109,031,600",7267
"11/12/30","2,490.0","2,511.0","2,237.0","2,348.0","-41","-1.7","105,764,300",7267
"11/11/30","2,350.0","2,489.0","2,127.0","2,389.0","-17","-0.7","98,751,000",7267
"11/10/31","2,259.0","2,508.0","2,155.0","2,406.0","107","4.7","127,839,400",7267
"11/09/30","2,480.0","2,570.0","2,227.0","2,299.0","-175","-7.1","126,244,400",7267
"11/08/31","3,130.0","3,180.0","2,305.0","2,474.0","-606","-19.7","185,091,700",7267
"11/07/29","3,105.0","3,295.0","3,060.0","3,080.0","-5","-0.2","83,287,200",7267
"11/06/30","3,095.0","3,130.0","2,893.0","3,085.0","-5","-0.2","120,722,500",7267
"11/05/31","3,245.0","3,255.0","2,992.0","3,090.0","-100","-3.1","122,871,700",7267
"11/04/28","3,140.0","3,190.0","2,843.0","3,190.0","65","2.1","175,786,000",7267
"11/03/31","3,555.0","3,620.0","2,820.0","3,125.0","-420","-11.8","215,225,100",7267
"11/02/28","3,540.0","3,745.0","3,465.0","3,545.0","70","2","111,770,000",7267
"11/01/31","3,250.0","3,555.0","3,195.0","3,475.0","260","8.1","114,505,700",7267
"10/12/30","3,040.0","3,315.0","3,030.0","3,215.0","205","6.8","105,557,900",7267
"10/11/30","2,887.0","3,195.0","2,713.0","3,010.0","73","2.5","136,695,900",7267
"10/10/29","2,997.0","3,045.0","2,880.0","2,937.0","-26","-0.9","114,339,300",7267
"10/09/30","2,785.0","3,065.0","2,708.0","2,963.0","184","6.6","146,738,300",7267
"10/08/31","2,757.0","2,921.0","2,707.0","2,779.0","70","2.6","149,063,000",7267
"10/07/30","2,554.0","2,757.0","2,470.0","2,709.0","112","4.3","113,228,000",7267
"10/06/30","2,770.0","2,856.0","2,570.0","2,597.0","-173","-6.2","140,710,300",7267
"10/05/31","3,100.0","3,120.0","2,700.0","2,770.0","-445","-13.8","149,403,700",7267
"10/04/30","3,330.0","3,405.0","3,160.0","3,215.0","-85","-2.6","117,686,400",7267
"10/03/31","3,085.0","3,355.0","3,055.0","3,300.0","220","7.1","121,556,200",7267
"10/02/26","3,020.0","3,320.0","2,951.0","3,080.0","5","0.2","152,501,000",7267
"10/01/29","3,140.0","3,410.0","3,035.0","3,075.0","-35","-1.1","135,201,000",7267
"22/05/31","1,989.5","2,228.5","1,909.0","2,227.5","268.5","13.7","71,529,000",7270
"22/04/28","1,930.0","1,962.0","1,739.0","1,959.0","11","0.6","61,408,400",7270
"22/03/31","1,906.0","2,027.0","1,664.5","1,948.0","54.5","2.9","75,373,400",7270
"22/02/28","2,110.0","2,153.5","1,843.5","1,893.5","-196","-9.4","64,465,100",7270
"22/01/31","2,093.5","2,232.5","2,027.0","2,089.5","32.5","1.6","46,371,300",7270
"21/12/30","2,130.0","2,168.5","2,006.0","2,057.0","-85.5","-4","53,654,100",7270
"21/11/30","2,273.0","2,413.0","2,141.0","2,142.5","-85.5","-3.8","58,749,800",7270
"21/10/29","2,065.5","2,363.0","2,017.0","2,228.0","149.5","7.2","54,395,000",7270
"21/09/30","2,060.0","2,151.5","2,018.0","2,078.5","42","2.1","50,699,600",7270
"21/08/31","2,158.5","2,205.0","1,990.0","2,036.5","-104.5","-4.9","52,991,500",7270
"21/07/30","2,200.5","2,251.5","2,039.5","2,141.0","-50.5","-2.3","46,483,600",7270
"21/06/30","2,150.0","2,296.0","2,125.5","2,191.5","61","2.9","55,124,900",7270
"21/05/31","2,075.0","2,164.0","2,002.5","2,130.5","103","5.1","53,089,000",7270
"21/04/30","2,233.0","2,233.0","2,025.5","2,027.5","-176.5","-8","50,787,200",7270
"21/03/31","2,000.0","2,277.5","1,943.0","2,204.0","215.5","10.8","85,687,300",7270
"21/02/26","2,020.0","2,329.0","1,988.0","1,988.5","-17.5","-0.9","88,437,400",7270
"21/01/29","2,069.5","2,135.0","1,982.0","2,006.0","-56.5","-2.7","56,855,000",7270
"20/12/30","2,087.5","2,194.0","1,998.0","2,062.5","-10.5","-0.5","61,429,300",7270
"20/11/30","1,917.5","2,297.0","1,914.5","2,073.0","167.5","8.8","80,326,000",7270
"20/10/30","2,051.0","2,171.0","1,898.5","1,905.5","-126.5","-6.2","46,248,800",7270
"20/09/30","2,198.0","2,283.5","2,005.5","2,032.0","-170.5","-7.7","49,260,800",7270
"20/08/31","2,020.0","2,286.0","2,006.0","2,202.5","208","10.4","50,081,900",7270
"20/07/31","2,259.5","2,375.0","1,992.5","1,994.5","-247","-11","48,296,200",7270
"20/06/30","2,385.0","2,683.5","2,191.5","2,241.5","-137","-5.8","71,285,300",7270
"20/05/29","2,128.0","2,459.5","2,015.0","2,378.5","203.5","9.4","61,167,800",7270
"20/04/30","2,023.5","2,194.5","1,671.5","2,175.0","101.5","4.9","89,870,300",7270
"20/03/31","2,555.0","2,663.5","1,876.0","2,073.5","-546","-20.8","119,313,500",7270
"20/02/28","2,723.0","2,945.0","2,589.0","2,619.5","-140.5","-5.1","58,591,500",7270
"20/01/31","2,700.0","2,900.0","2,630.0","2,760.0","46.5","1.7","58,526,700",7270
"19/12/30","2,869.5","2,887.0","2,689.5","2,713.5","-153","-5.3","51,154,200",7270
"19/11/29","3,084.0","3,167.0","2,866.5","2,866.5","-256.5","-8.2","49,358,500",7270
"19/10/31","3,052.0","3,143.0","2,868.5","3,123.0","83","2.7","44,139,800",7270
"19/09/30","2,840.0","3,184.0","2,832.5","3,040.0","194","6.8","59,531,700",7270
"19/08/30","2,533.5","2,912.0","2,411.5","2,846.0","301.5","11.8","67,904,600",7270
"19/07/31","2,675.0","2,858.0","2,539.0","2,544.5","-74.5","-2.8","45,469,100",7270
"19/06/28","2,472.0","2,667.0","2,468.0","2,619.0","97","3.8","43,985,000",7270
"19/05/31","2,670.5","2,680.5","2,436.5","2,522.0","-198.5","-7.3","56,167,300",7270
"19/04/26","2,572.5","2,890.0","2,558.5","2,720.5","198","7.8","48,094,000",7270
"19/03/29","2,790.5","2,864.5","2,517.0","2,522.5","-304","-10.8","60,750,500",7270
"19/02/28","2,542.5","2,877.5","2,476.0","2,826.5","274.5","10.8","58,123,600",7270
"19/01/31","2,277.0","2,585.0","2,227.0","2,552.0","192","8.1","62,480,000",7270
"18/12/28","2,568.5","2,626.5","2,208.5","2,360.0","-163","-6.5","69,679,200",7270
"18/11/30","3,045.0","3,075.0","2,495.0","2,523.0","-530","-17.4","101,569,100",7270
"18/10/31","3,410.0","3,487.0","2,917.0","3,053.0","-427","-12.3","80,020,400",7270
"18/09/28","3,286.0","3,498.0","3,047.0","3,480.0","179","5.4","65,607,900",7270
"18/08/31","3,278.0","3,387.0","3,161.0","3,301.0","47","1.4","63,114,400",7270
"18/07/31","3,203.0","3,282.0","3,064.0","3,254.0","29","0.9","61,000,500",7270
"18/06/29","3,331.0","3,482.0","3,172.0","3,225.0","-105","-3.2","72,718,600",7270
"18/05/31","3,710.0","3,736.0","3,327.0","3,330.0","-349","-9.5","66,593,000",7270
"18/04/27","3,471.0","3,704.0","3,469.0","3,679.0","192","5.5","65,026,000",7270
"18/03/30","3,741.0","3,758.0","3,414.0","3,487.0","-293","-7.8","73,023,700",7270
"18/02/28","3,651.0","3,857.0","3,502.0","3,780.0","162","4.5","89,134,500",7270
"18/01/31","3,612.0","3,842.0","3,595.0","3,618.0","35","1","69,258,000",7270
"17/12/29","3,681.0","3,753.0","3,400.0","3,583.0","-86","-2.3","99,202,500",7270
"17/11/30","3,899.0","4,012.0","3,562.0","3,669.0","-219","-5.6","122,959,700",7270
"17/10/31","4,066.0","4,114.0","3,886.0","3,888.0","-172","-4.2","82,764,900",7270
"17/09/29","3,858.0","4,107.0","3,777.0","4,060.0","204","5.3","65,670,100",7270
"17/08/31","3,992.0","4,043.0","3,800.0","3,856.0","-138","-3.5","59,383,700",7270
"17/07/31","3,820.0","4,173.0","3,809.0","3,994.0","208","5.5","82,126,100",7270
"17/06/30","3,741.0","3,925.0","3,632.0","3,786.0","+41.0","1.1","83,661,500",7270
"17/05/31","4,204.0","4,297.0","3,743.0","3,745.0","-467.0","-11.1","95,769,400",7270
"17/04/28","4,105.0","4,285.0","3,843.0","4,212.0","+129.0","3.2","84,290,500",7270
"17/03/31","4,247.0","4,495.0","4,083.0","4,083.0","-124.0","-2.9","76,995,600",7270
"17/02/28","4,450.0","4,549.0","4,204.0","4,207.0","-333.0","-7.3","76,470,600",7270
"17/01/31","4,900.0","5,016.0","4,540.0","4,540.0","-232.0","-4.9","62,983,500",7270
"16/12/30","4,800.0","4,976.0","4,580.0","4,772.0","+127.0","2.7","81,468,800",7270
"16/11/30","4,101.0","4,728.0","3,500.0","4,645.0","+551.0","13.5","109,468,400",7270
"16/10/31","3,799.0","4,107.0","3,744.0","4,094.0","+339.0","9","53,726,900",7270
"16/09/30","4,091.0","4,239.0","3,725.0","3,755.0","-343.0","-8.4","63,090,000",7270
"16/08/31","3,851.0","4,140.0","3,528.0","4,098.0","+83.0","2.1","74,092,600",7270
"16/07/29","3,503.0","4,106.0","3,252.0","4,015.0","+537.0","15.4","79,210,000",7270
"16/06/30","4,125.0","4,154.0","3,333.0","3,478.0","-672.0","-16.2","83,314,300",7270
"16/05/31","3,506.0","4,150.0","3,462.0","4,150.0","+434.0","11.7","83,345,400",7270
"16/04/28","3,930.0","4,027.0","3,275.0","3,716.0","-259.0","-6.5","111,079,200",7270
"16/03/31","3,672.0","4,136.0","3,586.0","3,975.0","+279.0","7.5","93,557,900",7270
"16/02/29","4,930.0","4,938.0","3,411.0","3,696.0","-1,160.0","-23.9","127,767,600",7270
"16/01/29","4,974.0","5,015.0","4,240.0","4,856.0","-171.0","-3.4","113,237,700",7270
"15/12/30","5,125.0","5,223.0","4,804.0","5,027.0","-61.0","-1.2","66,921,800",7270
"15/11/30","4,700.0","5,193.0","4,687.0","5,088.0","+360.0","7.6","66,862,800",7270
"15/10/30","4,325.0","4,780.0","4,256.0","4,728.0","+445.0","10.4","88,478,500",7270
"15/09/30","4,230.0","4,469.0","3,902.0","4,283.0","+12.5","0.3","76,855,100",7270
"15/08/31","4,540.0","4,724.5","3,669.0","4,270.5","-314.5","-6.9","92,817,600",7270
"15/07/31","4,549.0","4,660.0","4,122.0","4,585.0","+77.0","1.7","68,719,400",7270
"15/06/30","4,697.0","4,799.0","4,362.0","4,508.0","-190.0","-4","79,931,000",7270
"15/05/29","4,006.0","4,827.5","3,967.0","4,698.0","+673.5","16.7","83,165,000",7270
"15/04/30","3,990.0","4,235.0","3,900.0","4,024.5","+33.5","0.8","83,523,800",7270
"15/03/31","4,085.0","4,310.0","3,950.0","3,991.0","-70.0","-1.7","90,066,000",7270
"15/02/27","4,250.0","4,295.0","3,893.0","4,061.0","-235.5","-5.5","99,874,500",7270
"15/01/30","4,297.5","4,400.0","4,092.0","4,296.5","-3.5","-0.1","82,260,900",7270
"14/12/30","4,318.0","4,617.0","4,025.5","4,300.0","-18","-0.4","117,123,800",7270
"14/11/28","4,140.0","4,328.0","3,905.5","4,318.0","719","20","134,883,300",7270
"14/10/31","3,556.0","3,618.0","3,050.0","3,599.0","-27","-0.7","125,219,500",7270
"14/09/30","2,967.0","3,638.0","2,941.5","3,626.0","670.5","22.7","104,126,700",7270
"14/08/29","2,946.5","3,029.0","2,811.0","2,955.5","-10.5","-0.4","61,329,000",7270
"14/07/31","2,804.0","3,064.5","2,792.0","2,966.0","161","5.7","61,026,000",7270
"14/06/30","2,720.0","2,865.0","2,707.0","2,805.0","110","4.1","74,421,300",7270
"14/05/30","2,708.0","2,757.0","2,380.0","2,695.0","10","0.4","106,777,700",7270
"14/04/30","2,810.0","2,960.0","2,612.0","2,685.0","-107","-3.8","80,037,000",7270
"14/03/31","2,716.0","2,843.0","2,527.0","2,792.0","39","1.4","76,582,400",7270
"14/02/28","2,800.0","2,854.0","2,566.0","2,753.0","-94","-3.3","81,207,800",7270
"14/01/31","2,981.0","3,090.0","2,825.0","2,847.0","-168","-5.6","94,807,200",7270
"13/12/30","2,920.0","3,015.0","2,750.0","3,015.0","123","4.3","127,863,200",7270
"13/11/29","2,678.0","2,900.0","2,590.0","2,892.0","221","8.3","111,946,100",7270
"13/10/31","2,750.0","2,856.0","2,624.0","2,671.0","-39","-1.4","158,076,000",7270
"13/09/30","2,389.0","2,768.0","2,378.0","2,710.0","321","13.4","131,619,000",7270
"13/08/30","2,499.0","2,665.0","2,286.0","2,389.0","-33","-1.4","229,551,000",7270
"13/07/31","2,497.0","2,882.0","2,418.0","2,422.0","-23","-0.9","258,633,000",7270
"13/06/28","2,241.0","2,467.0","1,950.0","2,445.0","96","4.1","302,460,000",7270
"13/05/31","1,807.0","2,765.0","1,742.0","2,349.0","509","27.7","297,910,000",7270
"13/04/30","1,434.0","1,923.0","1,330.0","1,840.0","379","25.9","212,411,000",7270
"13/03/29","1,381.0","1,609.0","1,371.0","1,461.0","75","5.4","136,253,000",7270
"13/02/28","1,249.0","1,443.0","1,217.0","1,386.0","155","12.6","165,355,000",7270
"13/01/31","1,130.0","1,244.0","1,052.0","1,231.0","155","14.4","152,993,000",7270
"12/12/28","933.0","1,086.0","883.0","1,076.0","151","16.3","120,581,000",7270
"12/11/30","769.0","931.0","763.0","925.0","158","20.6","151,255,000",7270
"12/10/31","649.0","773.0","632.0","767.0","119","18.4","131,319,000",7270
"12/09/28","623.0","692.0","605.0","648.0","22","3.5","81,719,000",7270
"12/08/31","582.0","674.0","545.0","626.0","39","6.6","96,456,000",7270
"12/07/31","646.0","668.0","557.0","587.0","-50","-7.8","81,942,000",7270
"12/06/29","598","646","553","637","33","5.5","102,193,000",7270
"12/05/31","604","650","556","604","-9","-1.5","150,997,000",7270
"12/04/27","679","685","587","613","-52","-7.8","121,434,000",7270
"12/03/30","618","697","577","665","51","8.3","141,805,000",7270
"12/02/29","524","651","504","614","96","18.5","207,205,000",7270
"12/01/31","473","534","468","518","53","11.4","111,962,000",7270
"11/12/30","443","475","420","465","30","6.9","120,333,000",7270
"11/11/30","500","507","402","435","-75","-14.7","97,504,000",7270
"11/10/31","446","517","416","510","52","11.4","91,917,000",7270
"11/09/30","484","495","421","458","-18","-3.8","107,679,000",7270
"11/08/31","620","638","432","476","-144","-23.2","168,705,000",7270
"11/07/29","627","643","612","620","-2","-0.3","92,369,000",7270
"11/06/30","598","633","557","622","25","4.2","120,737,000",7270
"11/05/31","614","621","565","597","-5","-0.8","135,026,000",7270
"11/04/28","538","609","530","602","66","12.3","182,223,000",7270
"11/03/31","706","719","486","536","-165","-23.5","244,098,000",7270
"11/02/28","706","758","673","701","-2","-0.3","130,802,000",7270
"11/01/31","637","718","633","703","73","11.6","121,004,000",7270
"10/12/30","615","657","609","630","10","1.6","102,134,000",7270
"10/11/30","550","639","535","620","63","11.3","150,889,000",7270
"10/10/29","542","569","514","557","25","4.7","190,995,000",7270
"10/09/30","466","538","454","532","60","12.7","123,301,000",7270
"10/08/31","467","493","435","472","-5","-1","143,393,000",7270
"10/07/30","476","511","449","477","-3","-0.6","132,951,000",7270
"10/06/30","519","573","473","480","-44","-8.4","220,472,000",7270
"10/05/31","519","546","481","524","-6","-1.1","150,100,000",7270
"10/04/30","485","540","472","530","46","9.5","117,752,000",7270
"10/03/31","406","493","402","484","79","19.5","95,069,000",7270
"10/02/26","426","470","393","405","-20","-4.7","110,630,000",7270
"10/01/29","452","479","422","425","-25","-5.6","107,705,000",7270
